key_mlbam,player_name,is_pitcher,team,player_id
675961,Alika Williams,False,OAK,willa005
669620,Brady Basso,True,OAK,bassb002
661531,Brian Serven,False,OAK,servb001
666126,Carlos Cortes,False,OAK,cortc001
687231,Darell Hernaiz,False,OAK,hernd006
622268,Donovan Walton,False,OAK,waltd002
680723,Drew Rom,True,OAK,rom-d001
665660,Elvis Alvarado,True,OAK,alvae002
663687,Hogan Harris,True,OAK,harrh002
669372,J.T. Ginn,True,OAK,ginnj001
678022,Jack Perkins,True,OAK,perkj001
682052,Jacob Lopez,True,OAK,lopej007
805779,Jacob Wilson,False,OAK,wilsj006
643446,Jeff McNeil,False,OAK,mcnej002
605488,Jeffrey Springs,True,OAK,sprij001
641680,Jonah Heim,False,OAK,heimj001
671732,Lawrence Butler,False,OAK,butll001
665622,Luis Medina,True,OAK,medil002
691777,Max Muncy,False,OAK,muncm002
656240,Scott Blewett,True,OAK,blews001
688497,Taylor Rashi,True,OAK,rasht001
680869,Zack Gelof,False,OAK,geloz001
695257,Billy Cook,False,PIT,cookb002
664040,Brandon Lowe,False,PIT,loweb001
677952,Braxton Ashcraft,True,PIT,ashcb001
668804,Bryan Reynolds,False,PIT,reynb001
696149,Bubba Chandler,True,PIT,chanb001
666808,Camilo Doval,True,PIT,dovac001
669387,Carmen Mlodzinski,True,PIT,mlodc001
642397,Gregory Soto,True,PIT,sotog003
680779,Henry Davis,False,PIT,davih001
663968,Jake Mangum,False,PIT,mangj001
683003,Jared Jones,True,PIT,jonej008
669707,Jared Triolo,False,PIT,trioj001
489446,Kirby Yates,True,PIT,yatek001
669199,Lake Bachar,True,PIT,bachl001
596133,Luke Weaver,True,PIT,weavl001
682254,Mason Montgomery,True,PIT,montm003
693304,Nick Gonzales,False,PIT,gonzn001
694377,Nick Yorke,False,PIT,yorkn001
665833,Oneil Cruz,False,PIT,cruzo001
694973,Paul Skenes,True,PIT,skenp001
804668,Rafael Flores Jr.,False,PIT,florr004
687462,Spencer Horwitz,False,PIT,horws001
670990,Yohan Ramírez,True,PIT,ramiy002
670970,Adrian Morejon,True,SDP,morea001
669720,Austin Hays,False,SDP,haysa001
699134,Bradgley Rodriguez,True,SDP,rodrb001
663554,Casey Mize,True,SDP,mizec001
665487,Fernando Tatis Jr.,False,SDP,tatif002
666023,Freddy Fermin,False,SDP,fermf002
657757,Gavin Sheets,False,SDP,sheeg001
656288,Griffin Canning,True,SDP,canng001
701538,Jackson Merrill,False,SDP,merrj002
630105,Jake Cronenworth,False,SDP,cronj001
669093,Jeremiah Estrada,True,SDP,estrj002
606996,Kyle Hart,True,SDP,hartk002
669134,Luis Campusano,False,SDP,campl002
650859,Luis Rengifo,False,SDP,rengl001
592518,Manny Machado,False,SDP,machm001
695243,Mason Miller,True,SDP,millm004
650633,Michael King,True,SDP,kingm002
681190,Randy Vásquez,True,SDP,vasqr001
592662,Robbie Ray,True,SDP,ray-r002
664034,Ty France,False,SDP,frant002
621111,Walker Buehler,True,SDP,buehw001
593974,Wandy Peralta,True,SDP,peraw002
593428,Xander Bogaerts,False,SDP,bogax001
673513,Yuki Matsui,True,SDP,matsy001
662253,Andrés Muñoz,True,SEA,munoa002
680977,Brendan Donovan,False,SEA,donob001
693433,Bryan Woo,True,SEA,woo-b001
682243,Bryce Miller,True,SEA,millb004
663728,Cal Raleigh,False,SEA,ralec001
702284,Cole Young,False,SEA,younc005
686527,Dominic Canzone,False,SEA,canzd001
660825,Eduard Bazardo,True,SEA,bazae001
676106,Emerson Hancock,True,SEA,hance001
642100,Gabe Speier,True,SEA,speig001
669923,George Kirby,True,SEA,kirbg001
646242,Jhonathan Díaz,True,SEA,diazj007
640902,Jhonny Pereda,False,SEA,perej004
678606,José A. Ferrer,True,SEA,ferrj002
647304,Josh Naylor,False,SEA,naylj001
677594,Julio Rodríguez,False,SEA,rodrj007
660844,Leo Rivas,False,SEA,rival002
669302,Logan Gilbert,True,SEA,gilbl002
621074,Michael Rucker,True,SEA,ruckm001
668227,Randy Arozarena,False,SEA,arozr001
622554,Seranthony Domínguez,True,SEA,domis001
621493,Taylor Ward,False,SEA,wardt002
645302,Victor Robles,False,SEA,roblv001
642215,Weston Wilson,False,SEA,wilsw002
605288,Adrian Houser,True,SFG,housa001
668800,Andrew Knizner,False,SFG,kniza001
694918,Blade Tidwell,True,SFG,tidwb001
805811,Bryce Eldridge,False,SFG,eldrb002
671083,Buddy Kennedy,False,SFG,kennb002
693313,Carson Seymour,True,SFG,seymc001
687931,Carson Whisenhunt,True,SFG,whisc001
683766,Christian Koss,False,SFG,kossc001
687551,Drew Gilbert,False,SFG,gilbd001
681916,Dylan Smith,True,SFG,smitd010
664141,JT Brubaker,True,SFG,brubj001
671345,Jason Foley,True,SFG,folej001
808982,Jung Hoo Lee,False,SFG,lee-j001
694738,Landen Roupp,True,SFG,roupl001
657277,Logan Webb,True,SFG,webbl001
678545,Osleivis Basabe,False,SFG,basao001
646240,Rafael Devers,False,SFG,dever001
665665,Reiver Sanmartin,True,SFG,sanmr001
656529,Sam Hentges,True,SFG,hents001
642715,Willy Adames,False,SFG,adamw002
676475,Alec Burleson,False,STL,burla001
669467,Andre Pallante,True,STL,palla001
657571,Caleb Ferguson,True,STL,fergc001
677592,Everson Pereira,False,STL,peree005
666277,George Soriano,True,STL,sorig001
700669,Gordon Graceffo,True,STL,gracg001
690928,Hunter Dobbins,True,STL,dobbh001
671056,Iván Herrera,False,STL,herri001
699625,Jimmy Crooks,False,STL,crooj001
691023,Jordan Walker,False,STL,walkj003
665877,José Fermín,False,STL,fermj001
677865,Justin Bruihl,True,STL,bruij001
681517,Kyle Leahy,True,STL,leahk001
691026,Masyn Winn,False,STL,winnm001
669461,Matthew Liberatore,True,STL,libem001
700241,Michael McGreevy,True,STL,mcgrm001
701675,Nathan Church,False,STL,churn001
686780,Pedro Pagés,False,STL,pagep001
657265,Peter Strzelecki,True,STL,strzp001
676617,Riley O'Brien,True,STL,obrir001
592773,Ryne Stanek,True,STL,stanr002
641329,Bryan Baker,True,TBR,bakeb001
592155,Cam Booser,True,TBR,boosc001
668984,Casey Legumina,True,TBR,leguc001
656775,Cedric Mullins,False,TBR,mullc002
802415,Chandler Simpson,False,TBR,simpc001
688297,Chris Roycroft,True,TBR,roycc001
656876,Drew Rasmussen,True,TBR,rasmd002
642547,Freddy Peralta,True,TBR,peraf001
664076,Garrett Cleavinger,True,TBR,cleag001
693855,Ian Seymour,True,TBR,seymi001
666018,Jonathan Aranda,False,TBR,aranj001
676356,Jonny DeLuca,False,TBR,deluj001
622761,Jorge Mateo,False,TBR,matej003
691406,Junior Caminero,False,TBR,camij001
687330,Kevin Kelly,True,TBR,kellk004
689414,Liam Hicks,False,TBR,hickl001
663743,Nick Fortes,False,TBR,fortn001
607259,Nick Martinez,True,TBR,martn002
680700,Richie Palacios,False,TBR,palar002
668723,Ryan Vilade,False,TBR,vilar001
663556,Shane McClanahan,True,TBR,mccls003
571927,Steven Matz,True,TBR,matzs001
670764,Taylor Walls,False,TBR,wallt003
669330,Tyler Wells,True,TBR,wellt003
650490,Yandy Díaz,False,TBR,diazy001
607043,Brandon Nimmo,False,TEX,nimmb001
615698,Cal Quantrill,True,TEX,quanc001
681217,Chase Silseth,True,TEX,silsc001
674003,Cody Bradford,True,TEX,bradc003
683227,Cody Freeman,False,TEX,freec003
668390,Cole Winn,True,TEX,winnc001
608369,Corey Seager,False,TEX,seagc001
643376,Danny Jansen,False,TEX,jansd001
553869,Elias Díaz,False,TEX,diaze005
694497,Evan Carter,False,TEX,carte001
677649,Ezequiel Duran,False,TEX,durae002
656641,Jacob Latz,True,TEX,latzj001
594798,Jacob deGrom,True,TEX,degrj001
669394,Jake Burger,False,TEX,burgj001
596001,Jakob Junis,True,TEX,junij001
672284,Jarred Kelenic,False,TEX,kelej001
592626,Joc Pederson,False,TEX,pedej001
656756,Jordan Montgomery,True,TEX,montj004
679822,Justin Foscue,False,TEX,foscj001
677958,Kumar Rocker,True,TEX,rockk001
669022,MacKenzie Gore,True,TEX,gorem001
670032,Nicky Lopez,False,TEX,lopen001
641302,Tyler Alexander,True,TEX,alext001
694671,Wyatt Langford,False,TEX,langw001
672386,Alejandro Kirk,False,TOR,kirka001
665926,Andrés Giménez,False,TOR,gimea001
680755,Braydon Fisher,True,TOR,fishb002
663893,Brendon Little,True,TOR,littb002
663662,Daz Cameron,False,TOR,camed001
656302,Dylan Cease,True,TOR,ceasd001
676391,Ernie Clement,False,TOR,cleme002
543807,George Springer,False,TOR,sprig001
660821,Jesús Sánchez,False,TOR,sancj003
667755,José Soriano,True,TOR,sorij002
669701,Josh Smith,False,TOR,smitj007
686973,Louis Varland,True,TOR,varll001
689254,Mason Fluharty,True,TOR,fluhm001
453286,Max Scherzer,True,TOR,schem001
664702,Myles Straw,False,TOR,stram002
664770,Nathan Lukes,False,TOR,luken001
623149,Paul Sewald,True,TOR,sewap001
669456,Shane Bieber,True,TOR,biebs001
680573,Simeon Woods Richardson,True,TOR,woods002
643511,Tyler Rogers,True,TOR,roget002
621345,A.J. Minter,True,MIN,minta001
702176,Alan Roden,False,MIN,rodea001
656577,Alex Jackson,False,MIN,jacka002
641927,Bailey Ober,True,MIN,oberb002
686797,Brooks Lee,False,MIN,lee-b002
621439,Byron Buxton,False,MIN,buxtb001
665152,Dean Kremer,True,MIN,kremd001
656546,Jeff Hoffman,True,MIN,hoffj003
605137,Josh Bell,False,MIN,bellj005
665019,Kody Clemens,False,MIN,clemk001
681892,Kody Funderburk,True,MIN,fundk001
807712,Luke Keaschall,False,MIN,keasl001
668904,Royce Lewis,False,MIN,lewir003
680777,Ryan Jeffers,False,MIN,jeffr002
668952,Ryan Kreidler,False,MIN,kreir001
671737,Taj Bradley,True,MIN,bradt002
573124,Taylor Rogers,True,MIN,roget001
667297,Tommy Nance,True,MIN,nanct001
701519,Travis Adams,True,MIN,adamt002
663616,Trevor Larnach,False,MIN,larnt001
605170,Victor Caratini,False,MIN,carav001
672782,Yoendrys Gómez,True,MIN,gomey002
805673,Zebby Matthews,True,MIN,mattz001
605400,Aaron Nola,True,PHI,nolaa001
664761,Alec Bohm,False,PHI,bohma001
669016,Brandon Marsh,False,PHI,marsb002
548384,Brooks Raley,True,PHI,raleb001
650559,Bryan De La Cruz,False,PHI,delab001
547180,Bryce Harper,False,PHI,harpb003
681082,Bryson Stott,False,PHI,stotb001
663767,Chase Shugart,True,PHI,shugc001
650911,Cristopher Sánchez,True,PHI,sancc002
656537,Derek Hill,False,PHI,hilld002
624641,Edmundo Sosa,False,PHI,sosae001
596117,Garrett Stubbs,False,PHI,stubg001
592663,J.T. Realmuto,False,PHI,realj001
666200,Jesús Luzardo,True,PHI,luzaj001
661395,Jhoan Duran,True,PHI,duraj002
680742,Jonathan Bowlan,True,PHI,bowlj001
621237,José Alvarado,True,PHI,alvaj004
656941,Kyle Schwarber,False,PHI,schwk001
650333,Luis Arraez,False,PHI,arral001
689147,Orion Kerkering,True,PHI,kerko001
641835,Tim Mayza,True,PHI,mayzt001
607208,Trea Turner,False,PHI,turnt001
554430,Zack Wheeler,True,PHI,wheez001
700363,AJ Smith-Shawver,True,ATL,smita001
663586,Austin Riley,False,ATL,rilea001
608718,Brent Suter,True,ATL,suteb001
693821,Bryce Elder,True,ATL,eldeb001
519242,Chris Sale,True,ATL,salec001
800311,Didier Fuentes,True,ATL,fuend001
642086,Dominic Smith,False,ATL,smitd008
686948,Drake Baldwin,False,ATL,baldd001
689266,Dylan Dodd,True,ATL,doddd001
669276,Dylan Lee,True,ATL,lee-d005
656550,Grant Holmes,True,ATL,holmg001
673490,Ha-Seong Kim,False,ATL,kim-h002
657041,Lane Thomas,False,ATL,thoml002
527048,Martín Pérez,True,ATL,perem004
621566,Matt Olson,False,ATL,olsom001
643289,Mauricio Dubón,False,ATL,dubom001
671739,Michael Harris II,False,ATL,harrm004
573262,Mike Yastrzemski,False,ATL,yastm001
645277,Ozzie Albies,False,ATL,albio001
628452,Raisel Iglesias,True,ATL,igler001
678061,Ray Kerr,True,ATL,kerrr001
660670,Ronald Acuña Jr.,False,ATL,acunr001
669221,Sean Murphy,False,ATL,murps001
641816,Tyler Mahle,True,ATL,mahlt001
682989,Victor Mederos,True,ATL,medev001
643217,Andrew Benintendi,False,CHW,benia002
641743,Anthony Kay,True,CHW,kay-a001
686668,Brenton Doyle,False,CHW,doylb001
663542,Bryan Hudson,True,CHW,hudsb001
805367,Chase Meidroth,False,CHW,meidc001
695657,Colson Montgomery,False,CHW,montc004
691011,Drew Romo,False,CHW,romod001
607200,Erick Fedde,True,CHW,fedde001
691799,Grant Taylor,True,CHW,taylg002
623211,Huascar Brazobán,True,CHW,brazh001
668670,Jake Rogers,False,CHW,rogej004
663855,Jordan Hicks,True,CHW,hickj002
664353,José Urquidy,True,CHW,urquj001
622491,Luis Castillo,True,CHW,castl003
682668,Luisangel Acuña,False,CHW,acunl001
678246,Miguel Vargas,False,CHW,vargm001
545341,Randal Grichuk,False,CHW,gricr001
680732,Sean Burke,True,CHW,burks001
656794,Sean Newcomb,True,CHW,newcs001
670950,Trevor Richards,True,CHW,richt001
671976,Tristan Peters,False,CHW,petet002
682663,Agustín Ramírez,False,MIA,ramia004
640459,Brian Navarreto,False,MIA,navab001
806188,Cade Gibson,True,MIA,gibsc001
676534,Calvin Faucher,True,MIA,faucc001
665923,Esteury Ruiz,False,MIA,ruize001
691587,Eury Pérez,True,MIA,peree004
688363,Graham Pauley,False,MIA,paulg001
665052,Griffin Conine,False,MIA,conig001
681715,Heriberto Hernández,False,MIA,hernh001
805300,Jakob Marsee,False,MIA,marsj002
676083,Janson Junk,True,MIA,junkj001
691594,Javier Sanoja,False,MIA,sanoj001
667463,John King,True,MIA,kingj002
677870,Leo Jiménez,False,MIA,jimel003
656848,Michael Petersen,True,MIA,petem001
672640,Otto Lopez,False,MIA,lopeo001
683357,Owen Caissie,False,MIA,caiso001
664126,Pete Fairbanks,True,MIA,fairp001
687473,Ryan Gusto,True,MIA,gustr001
645261,Sandy Alcantara,True,MIA,alcas001
663969,Tyler Phillips,True,MIA,philt002
676604,Tyler Zuber,True,MIA,zubet001
680767,Victor Vodnik,True,MIA,vodnv001
669364,Xavier Edwards,False,MIA,edwax001
645305,Ali Sánchez,False,NYY,sanca009
642708,Amed Rosario,False,NYY,rosaa003
669224,Austin Wells,False,NYY,wella002
700250,Ben Rice,False,NYY,riceb001
687396,Brent Headrick,True,NYY,headb001
693645,Cam Schlittler,True,NYY,schlc001
607074,Carlos Rodón,True,NYY,rodoc001
670280,David Bednar,True,NYY,bednd001
518585,Fernando Cruz,True,NYY,cruzf002
543037,Gerrit Cole,True,NYY,coleg001
671218,Heliot Ramos,False,NYY,ramoh002
665862,Jazz Chisholm Jr.,False,NYY,chisj001
676609,José Caballero,False,NYY,cabaj001
671277,Luis García Jr.,False,NYY,garcl006
621112,Paul Blackburn,True,NYY,blacp001
502671,Paul Goldschmidt,False,NYY,goldp001
641857,Ryan McMahon,False,NYY,mcmar001
677960,Ryan Weathers,True,NYY,weatr001
642232,Ryan Yarbrough,True,NYY,yarbr001
657612,Tim Hill,True,NYY,hillt002
663757,Trent Grisham,False,NYY,grist001
701542,Will Warren,True,NYY,warrw001
660787,Yerry De los Santos,True,NYY,deloy001
676879,Aaron Ashby,True,MIL,ashba003
683734,Andrew Vaughn,False,MIL,vauga001
622608,Antonio Senzatela,True,MIL,senza001
668930,Brice Turang,False,MIL,turab002
669060,Bryse Wilson,True,MIL,wilsb003
694477,Chad Patrick,True,MIL,patrc001
592885,Christian Yelich,False,MIL,yelic001
669084,DL Hall,True,MIL,halld004
666152,David Hamilton,False,MIL,hamid002
669160,Dustin May,True,MIL,may-d003
669003,Garrett Mitchell,False,MIL,mitcg001
596142,Gary Sánchez,False,MIL,sancg002
681982,Grant Anderson,True,MIL,andeg002
694192,Jackson Chourio,False,MIL,chouj001
694819,Jacob Misiorowski,True,MIL,misij001
641343,Jake Bauers,False,MIL,bauej001
687401,Joey Ortiz,False,MIL,ortij005
680716,Jonathan Ornelas,False,MIL,ornej001
690986,Kyle Harrison,True,MIL,harrk001
701656,Logan Henderson,True,MIL,hendl002
688107,Robert Gasser,True,MIL,gassr001
656730,Trevor Megill,True,MIL,megit001
661388,William Contreras,False,MIL,contw002
624428,Adam Frazier,False,LAA,fraza001
690829,Ben Joyce,True,LAA,joycb001
694203,Denzer Guzman,False,LAA,guzmd002
680570,Grayson Rodriguez,True,LAA,rodrg003
820862,José Fermin,True,LAA,fermj002
642350,Jose Siri,False,LAA,sirij001
666139,Josh Lowe,False,LAA,lowej002
605242,Michael Fulmer,True,LAA,fulmm001
545361,Mike Trout,False,LAA,troum001
694208,Moisés Ballesteros,False,LAA,ballm001
694384,Nolan Schanuel,False,LAA,schan001
672724,Oswald Peraza,False,LAA,perao002
672282,Reid Detmers,True,LAA,detmr001
696270,Ryan Johnson,True,LAA,johnr010
671111,Sammy Peralta,True,LAA,peras001
642048,Tayler Saucedo,True,LAA,sauct001
518595,Travis d'Arnaud,False,LAA,darnt001
623168,Tyler Heineman,False,LAA,heint001
687093,Vaughn Grissom,False,LAA,grisv001
685133,Wade Meckler,False,LAA,meckw001
687263,Zach Neto,False,LAA,netoz001
694297,Brandon Pfaadt,True,ARI,pfaab001
805299,Brandyn Garcia,True,ARI,garcb002
682998,Corbin Carroll,False,ARI,carrc005
642701,Dennis Santana,True,ARI,santd003
593958,Eduardo Rodriguez,True,ARI,rodre004
672515,Gabriel Moreno,False,ARI,moreg001
672695,Geraldo Perdomo,False,ARI,perdg001
545121,Ildemaro Vargas,False,ARI,vargi001
543510,James McCann,False,ARI,mccaj001
642528,Jonathan Loáisiga,True,ARI,loaij001
691783,Jordan Lawlar,False,ARI,lawlj001
678489,Jorge Barrosa,False,ARI,barrj004
666661,Juan Morillo,True,ARI,morij002
679885,Justin Martinez,True,ARI,martj011
656464,Kevin Ginkel,True,ARI,ginkk001
663457,Lars Nootbaar,False,ARI,nootl001
596146,Max Kepler,False,ARI,keplm001
518876,Merrill Kelly,True,ARI,kellm002
647336,Michael Soroka,True,ARI,sorom001
571448,Nolan Arenado,False,ARI,arenn001
664199,Taylor Clarke,True,ARI,clart003
694374,Tim Tawa,False,ARI,tawat001
641793,Zack Littell,True,ARI,littz001
544150,Albert Suárez,True,BAL,suara001
552640,Andrew Kittredge,True,BAL,kitta001
687064,Brandon Young,True,BAL,younb001
676742,Cam Sanders,True,BAL,sandc002
665966,Carlos Narváez,False,BAL,narvc002
605135,Chris Bassitt,True,BAL,bassc001
687952,Christian Encarnacion-Strand,False,BAL,encac001
691723,Coby Mayo,False,BAL,mayoc001
681297,Colton Cowser,False,BAL,cowsc001
687637,Dylan Beavers,False,BAL,beavd001
664991,Grant Wolfram,True,BAL,wolfg001
683002,Gunnar Henderson,False,BAL,hendg002
702616,Jackson Holliday,False,BAL,hollj003
677020,Josh Walker,True,BAL,walkj004
680694,Kyle Bradish,True,BAL,bradk001
665750,Leody Taveras,False,BAL,tavel001
624413,Pete Alonso,False,BAL,alonp001
670329,Rico Garcia,True,BAL,garcr006
694212,Samuel Basallo,False,BAL,basas001
669358,Shane Baz,True,BAL,baz-s001
669432,Trevor Rogers,True,BAL,roget003
641933,Tyler O'Neill,False,BAL,oneit001
666974,Yennier Cano,True,BAL,canoy001
650968,Yohel Pozo,False,BAL,pozoy001
668939,Adley Rutschman,False,BOS,rutsa001
655316,Andruw Monasterio,False,BOS,monaa001
678011,Anthony Seigler,False,BOS,seiga001
547973,Aroldis Chapman,True,BOS,chapa001
678394,Brayan Bello,True,BOS,bellb002
702332,Caleb Durbin,False,BOS,durbc002
678882,Ceddanne Rafaela,False,BOS,rafac001
657136,Connor Wong,False,BOS,wongc001
642201,Eli White,False,BOS,white006
669062,Erik Miller,True,BOS,mille002
669711,Greg Weissert,True,BOS,weisg001
663330,Jahmai Jones,False,BOS,jonej007
680776,Jarren Duran,False,BOS,duraj001
663558,Jovani Morán,True,BOS,moraj003
681508,Mickey Gasper,False,BOS,gaspm001
686765,Nick Sogard,False,BOS,sogan001
663776,Patrick Sandoval,True,BOS,sandp002
801139,Payton Tolle,True,BOS,tollp001
624133,Ranger Suarez,True,BOS,suarr001
543243,Sonny Gray,True,BOS,grays001
594027,Tyron Guerrero,True,BOS,guert001
575929,Willson Contreras,False,BOS,contw001
677800,Wilyer Abreu,False,BOS,abrew002
650644,Aaron Civale,True,CHC,civaa001
608324,Alex Bregman,False,CHC,brega001
573204,Caleb Thielbar,True,CHC,thiec001
608348,Carson Kelly,False,CHC,kellc002
605280,Clay Holmes,True,CHC,holmc001
607067,Colin Rea,True,CHC,rea-c001
656849,David Peterson,True,CHC,peted003
664023,Ian Happ,False,CHC,happi001
657097,Jacob Webb,True,CHC,webbj002
665871,Javier Assad,True,CHC,assaj001
682634,Kevin Alcántara,False,CHC,alcak001
592332,Kevin Gausman,True,CHC,gausk001
571510,Matthew Boyd,True,CHC,boydm001
683737,Michael Busch,False,CHC,buscm003
624424,Michael Conforto,False,CHC,confm001
665804,Miguel Amaya,False,CHC,amaym001
663538,Nico Hoerner,False,CHC,hoern001
680911,Owen Miller,False,CHC,millo002
691718,Pete Crow-Armstrong,False,CHC,crowp001
669020,Ryan Rolison,True,CHC,rolir001
666171,Ryan Zeferjahn,True,CHC,zefer001
673548,Seiya Suzuki,False,CHC,suzus001
684007,Shota Imanaga,True,CHC,imans001
663423,Trent Thornton,True,CHC,thort002
621438,Tyrone Taylor,False,CHC,taylt002
671096,Andrew Abbott,True,CIN,abboa001
663903,Brady Singer,True,CIN,singb001
656271,Brock Burke,True,CIN,burkb001
695505,Chase Burns,True,CIN,burnc003
667472,Dane Myers,False,CIN,myerd001
682829,Elly De La Cruz,False,CIN,delae003
641941,Emilio Pagán,True,CIN,pagae001
553993,Eugenio Suárez,False,CIN,suare001
668709,JJ Bleday,False,CIN,bledj001
624431,Jose Trevino,False,CIN,trevj001
663647,Ke'Bryan Hayes,False,CIN,hayek001
682825,Luis Mey,True,CIN,mey-l001
680574,Matt McLain,False,CIN,mclam001
669911,Michael Toglia,False,CIN,toglm001
666157,Nick Lodolo,True,CIN,lodon001
572955,Pierce Johnson,True,CIN,johnp001
695076,Rhett Lowder,True,CIN,lowdr001
701398,Sal Stewart,False,CIN,stews004
594580,Sam Moll,True,CIN,molls001
670770,TJ Friedl,False,CIN,friet001
622088,Tejay Antone,True,CIN,antot001
663886,Tyler Stephenson,False,CIN,stept001
677943,Will Banfield,False,CIN,banfw001
687209,Zach Maxwell,True,CIN,maxwz001
682657,Angel Martínez,False,CLE,marta008
595978,Austin Hedges,False,CLE,hedga001
677587,Brayan Rocchio,False,CLE,roccb001
671922,Cade Smith,True,CLE,smitc009
800050,Chase DeLauter,False,CLE,delac001
670059,Colin Holderman,True,CLE,holdc001
684974,Craig Yoho,True,CLE,yohoc001
681807,David Fry,False,CLE,fry-d001
681870,Erik Sabrowski,True,CLE,sabre001
656492,Foster Griffin,True,CLE,griff001
668909,Gavin Williams,True,CLE,willg004
683769,Hunter Gaddis,True,CLE,gaddh001
666176,Jo Adell,False,CLE,adelj001
676282,Joey Cantillo,True,CLE,cantj002
608070,José Ramírez,False,CLE,ramij003
671106,Logan Allen,True,CLE,allel003
670036,Matt Festa,True,CLE,festm001
663993,Nathaniel Lowe,False,CLE,lowen001
800048,Parker Messick,True,CLE,messp001
672275,Patrick Bailey,False,CLE,bailp001
690984,Petey Halpin,False,CLE,halpp001
680757,Steven Kwan,False,CLE,kwans001
676440,Tanner Bibee,True,CLE,bibet001
682120,Tim Herrin,True,CLE,herrt002
691182,Adael Amador,False,COL,amada001
690924,Braxton Fulford,False,COL,fulfb001
657514,Brennan Bernardino,True,COL,bernb001
664954,Brett Sullivan,False,COL,sullb001
681393,Connor Norby,False,COL,norbc001
678662,Ezequiel Tovar,False,COL,tovae001
677955,Jaden Hill,True,COL,hillj002
664983,Jake McCarthy,False,COL,mccaj003
623474,Jimmy Herget,True,COL,hergj001
687597,Jordan Beck,False,COL,beckj003
605447,Jordan Romano,True,COL,romaj004
675848,Juan Mejia,True,COL,mejij003
607536,Kyle Freeland,True,COL,freek001
666160,Mickey Moniak,False,COL,monim001
663372,Ryan Feltner,True,COL,feltr001
685299,Tanner Gordon,True,COL,gordt002
608372,Tomoyuki Sugano,True,COL,sugat001
687859,Troy Johnston,False,COL,johnt003
650489,Willi Castro,False,COL,castw003
691728,Zac Veen,False,COL,veenz001
688642,Zach Agnos,True,COL,agnoz001
690993,Colt Keith,False,DET,keitc001
667452,Corey Julks,False,DET,julkc001
693307,Dillon Dingler,False,DET,dingd001
623454,Drew Anderson,True,DET,anded003
805427,Drew Sommers,True,DET,sommd001
646241,Enmanuel De Jesus,True,DET,dejee001
664285,Framber Valdez,True,DET,valdf001
650402,Gleyber Torres,False,DET,torrg001
695549,Jackson Jobe,True,DET,jobej001
621097,Jacob Waguespack,True,DET,waguj001
595879,Javier Báez,False,DET,baezj001
672456,Keider Montero,True,DET,montk001
445276,Kenley Jansen,True,DET,jansk001
640448,Kyle Finnegan,True,DET,finnk001
679529,Spencer Torkelson,False,DET,torks001
663432,Tanner Rainey,True,DET,raint003
675512,Troy Melton,True,DET,meltt001
680744,Ty Madden,True,DET,maddt001
663947,Tyler Holton,True,DET,holtt002
656716,Zach McKinstry,False,DET,mckiz001
805123,AJ Blubaugh,True,HOU,bluba001
656986,Bennett Sousa,True,HOU,sousb001
650556,Bryan Abreu,True,HOU,abreb002
687911,Bryan King,True,HOU,kingb001
701358,Cam Smith,False,HOU,smitc010
543877,Christian Vázquez,False,HOU,vazqc001
572233,Christian Walker,False,HOU,walkc002
664299,Cristian Javier,True,HOU,javic001
662139,Daulton Varsho,False,HOU,varsd001
660853,Enyel De Los Santos,True,HOU,deloe001
669713,Hayden Wesneski,True,HOU,wesnh001
686613,Hunter Brown,True,HOU,browh001
670623,Isaac Paredes,False,HOU,parei001
665161,Jeremy Peña,False,HOU,penaj004
514888,Jose Altuve,False,HOU,altuj001
623352,Josh Hader,True,HOU,hadej001
664774,LaMonte Wade Jr.,False,HOU,wadel001
669397,Nick Allen,False,HOU,allen002
663567,Peter Lambert,True,HOU,lambp001
595345,Steven Okert,True,HOU,okers001
666211,Taylor Trammell,False,HOU,tramt001
673237,Yainer Diaz,False,HOU,diazy004
670541,Yordan Alvarez,False,HOU,alvay001
656638,Alex Lange,True,KCR,langa001
677951,Bobby Witt Jr.,False,KCR,wittb002
679922,Carlos Duran,True,KCR,durac001
695600,Carter Jensen,False,KCR,jensc001
671162,Connor Thomas,True,KCR,thomc004
518886,Craig Kimbrel,True,KCR,kimbc001
663738,Daniel Lynch IV,True,KCR,lyncd001
686555,Isaac Collins,False,KCR,colli001
695506,Jac Caglianone,False,KCR,caglj001
670231,John Rave,False,KCR,ravej001
670167,John Schreiber,True,KCR,schrj001
664728,Kyle Isbel,False,KCR,isbek001
571912,Luke Maile,False,KCR,maill001
672580,Maikel Garcia,False,KCR,garcm003
696131,Mason Black,True,KCR,blacm001
686681,Michael Massey,False,KCR,massm001
608379,Michael Wacha,True,KCR,wachm001
663878,Nate Pearson,True,KCR,pearn001
679845,Nick Loftin,False,KCR,loftn001
702070,Noah Cameron,True,KCR,camen001
677976,Randy Dobnak,True,KCR,dobnr001
521692,Salvador Perez,False,KCR,peres002
607625,Seth Lugo,True,KCR,lugos001
674444,Steven Cruz,True,KCR,cruzs001
686475,Tyler Tolbert,False,KCR,tolbt001
686469,Vinnie Pasquantino,False,KCR,pasqv001
669743,Alex Call,False,LAD,calla002
681911,Alex Vesia,True,LAD,vesia001
681624,Andy Pages,False,LAD,pagea001
666163,Ben Rortvedt,False,LAD,rortb001
605483,Blake Snell,True,LAD,snelb001
592779,Brock Stewart,True,LAD,stewb001
683618,Edgardo Henriquez,True,LAD,henre001
686218,Emmet Sheehan,True,LAD,sheee001
571771,Enrique Hernández,False,LAD,herne001
641778,Eric Lauer,True,LAD,lauee001
623465,Evan Phillips,True,LAD,phile001
518692,Freddie Freeman,False,LAD,freef001
676439,Hunter Feduccia,False,LAD,feduh001
676263,Jack Dreyer,True,LAD,dreyj001
669165,Kyle Hurt,True,LAD,hurtk001
663656,Kyle Tucker,False,LAD,tuckk001
571970,Max Muncy,False,LAD,muncm001
500743,Miguel Rojas,False,LAD,rojam002
605141,Mookie Betts,False,LAD,bettm001
808963,Roki Sasaki,True,LAD,sasar001
660271,Shohei Ohtani,False,LAD,ohtas001
656945,Tanner Scott,True,LAD,scott003
669373,Tarik Skubal,True,LAD,skubt001
606192,Teoscar Hernández,False,LAD,hernt002
669242,Tommy Edman,False,LAD,edmat001
808967,Yoshinobu Yamamoto,True,LAD,yamay001
665953,Andrés Chaparro,False,WSN,chapa002
674841,Andrew Alvarez,True,WSN,alvaa003
695418,Brad Lord,True,WSN,lordb001
691781,Brady House,False,WSN,housb001
682928,CJ Abrams,False,WSN,abrac001
676917,Cade Cavalli,True,WSN,cavac001
690925,Clayton Beeter,True,WSN,beetc001
695734,Daylen Lile,False,WSN,liled001
686611,Dylan Crews,False,WSN,crewd001
695670,Harry Ford,False,WSN,fordh001
696285,Jacob Young,False,WSN,younj004
656234,Jake Bird,True,WSN,birdj001
663623,Jake Irvin,True,WSN,irvij001
678391,Jorbit Vivas,False,WSN,vivaj001
677588,José Tena,False,WSN,tenaj001
660688,Keibert Ruiz,False,WSN,ruizk001
668820,Max Kranick,True,WSN,kranm001
683083,Nasim Nuñez,False,WSN,nunen001
687377,Orlando Ribalta,True,WSN,ribao001
676680,Tom Cosgrove,True,WSN,cosgt001
592866,Trevor Williams,True,WSN,willt002
681810,Austin Warren,True,NYM,warra003
666182,Bo Bichette,False,NYM,bichb001
683146,Brett Baty,False,NYM,batyb001
694646,Chayce McDermott,True,NYM,mcdec001
681035,Christian Scott,True,NYM,scotc001
666624,Christopher Morel,False,NYM,morec001
665506,Cristian Pache,False,NYM,pachc001
650960,Daniel Duarte,True,NYM,duard001
673380,Dedniel Núñez,True,NYM,nuned003
676572,Eric Wagaman,False,NYM,wagae001
682626,Francisco Alvarez,False,NYM,alvaf001
596019,Francisco Lindor,False,NYM,lindf001
676724,Jared Young,False,NYM,younj003
702752,Jonathan Pintaro,True,NYM,pintj002
673540,Kodai Senga,True,NYM,sengk001
673357,Luis Robert Jr.,False,NYM,robel002
620443,Luis Torrens,False,NYM,torrl001
543760,Marcus Semien,False,NYM,semim001
690997,Nolan McLean,True,NYM,mclen001
476594,Robert Stock,True,NYM,stocr001
640455,Sean Manaea,True,NYM,manas001
