"last_name, first_name",key_mlbam,year,p_era,p_earned_run,p_out,p_win,p_loss,woba,xwoba,k_percent,bb_percent,whiff_percent,hard_hit_percent,barrel_batted_rate,pitcher_id
"Alvarez, Andrew",674841,2026,3.72,31,225,2,4,0.304,0.324,21.8,10.6,26.3,42.5,5.3,alvaa003
"Hernández, Elieser",622694,2026,1.5,1,18,1,0,0.318,0.247,21.4,14.3,28.8,27.8,5.6,herne002
"Schlittler, Cam",693645,2026,2.19,37,456,10,6,0.253,0.266,31.4,5.6,28.8,40.1,8.1,schlc001
"Gerber, Joey",680702,2026,4.32,4,25,0,0,0.306,0.309,23.5,11.8,23.5,54.5,9.1,gerbj001
"Sabrowski, Erik",681870,2026,3.34,13,105,4,2,0.286,0.264,38.5,16.0,32.7,37.1,8.7,sabre001
"Matsui, Yuki",673513,2026,2.22,12,146,3,1,0.276,0.284,25.3,14.1,35.2,29.7,8.5,matsy001
"Cortes, Carlos",666126,2026,9.0,8,24,0,0,0.498,0.401,2.4,12.2,5.2,37.1,12.1,cortc001
"Pop, Zach",647315,2026,3.68,3,22,0,0,0.27,0.317,19.4,9.7,15.4,47.6,4.8,pop-z001
"Beeks, Jalen",656222,2026,3.81,11,78,2,1,0.351,0.363,18.6,7.1,23.4,42.9,10.7,beekj001
"Walker, Josh",677020,2026,2.7,5,50,1,0,0.304,0.275,21.4,8.6,19.4,39.6,4.2,walkj004
"Baker, Bryan",641329,2026,1.44,8,150,1,1,0.216,0.258,29.0,8.3,29.3,35.0,6.7,bakeb001
"Strzelecki, Peter",657265,2026,3.86,5,35,0,1,0.268,0.27,13.0,9.3,18.1,36.6,4.9,strzp001
"Smith, Cade",671922,2026,2.25,14,168,3,1,0.26,0.276,34.2,8.5,34.5,46.6,9.0,smitc009
"Hoffman, Nolan",676510,2026,3.86,2,14,0,0,0.354,0.341,9.5,14.3,22.9,31.3,0.0,hoffn001
"Callihan, Tyler",682997,2026,0.0,0,9,0,0,0.317,0.38,6.7,20.0,0.0,54.5,0.0,callt001
"Sasaki, Roki",808963,2026,4.42,57,348,5,5,0.338,0.317,23.1,9.3,29.7,43.9,9.8,sasar001
"Holmes, Clay",605280,2026,2.49,19,206,5,6,0.262,0.311,18.0,8.3,20.0,41.9,4.9,holmc001
"Rogers, Taylor",573124,2026,4.93,25,137,6,3,0.337,0.313,18.8,10.1,17.3,26.9,5.5,roget001
"Bachman, Sam",696147,2026,4.14,21,137,1,2,0.305,0.298,23.2,13.6,33.1,32.0,7.5,bachs001
"Fedde, Erick",607200,2026,4.33,55,343,6,8,0.339,0.329,16.5,8.4,18.2,39.6,7.6,fedde001
"Skubal, Tarik",669373,2026,2.85,36,341,7,7,0.268,0.27,30.3,4.5,31.9,36.4,7.3,skubt001
"Parker, Mitchell",680730,2026,6.58,29,119,3,3,0.37,0.347,19.1,7.3,28.1,41.9,8.5,parkm001
"Oviedo, Johan",670912,2026,9.82,4,11,0,0,0.546,0.484,16.7,5.6,13.5,61.5,23.1,oviej001
"Abel, Mick",690953,2026,3.98,9,61,1,2,0.329,0.349,24.7,10.8,28.8,40.4,5.3,abelm001
"Varland, Gus",681402,2026,6.82,24,95,1,2,0.411,0.4,19.9,9.9,21.6,50.0,16.2,varlg001
"Gil, Luis",661563,2026,6.05,13,58,1,2,0.368,0.385,10.6,12.9,18.5,46.8,9.7,gil-l001
"Cabrera, Edward",665795,2026,5.68,48,228,5,5,0.35,0.344,20.4,9.7,26.6,42.5,11.9,cabre003
"Taylor, Grant",691799,2026,2.05,15,198,4,2,0.244,0.242,32.3,8.0,28.4,41.7,5.8,taylg002
"Erceg, Lucas",668674,2026,6.23,30,130,4,4,0.391,0.34,14.9,13.9,20.8,38.7,4.9,ercel001
"Leibrandt, Brandon",605335,2026,7.5,5,18,0,0,0.46,0.437,10.0,10.0,23.4,29.2,18.2,leibb001
"Fulmer, Michael",605242,2026,0.0,0,8,0,0,0.178,0.337,36.4,9.1,33.3,16.7,0.0,fulmm001
"Martinez, Justin",679885,2026,0.0,0,3,0,0,0.285,0.397,0.0,20.0,0.0,0.0,0.0,martj011
"Smith-Shawver, AJ",700363,2026,6.23,6,26,0,0,0.297,0.363,17.5,12.5,21.4,35.7,7.1,smita001
"Lugo, Seth",607625,2026,4.71,76,436,5,7,0.342,0.347,17.9,7.4,18.4,42.9,7.9,lugos001
"De Jesus, Enmanuel",646241,2026,3.86,18,126,2,0,0.302,0.324,22.0,8.5,24.3,43.8,7.4,dejee001
"Romero, JoJo",668941,2026,3.35,16,129,1,3,0.313,0.337,23.1,8.6,23.6,43.1,8.2,romej002
"Junk, Janson",676083,2026,4.37,45,278,6,8,0.329,0.316,16.7,6.6,15.1,40.4,6.6,junkj001
"Thornton, Trent",663423,2026,2.52,11,118,5,4,0.277,0.328,14.4,9.8,21.7,45.6,8.7,thort002
"Phillips, Connor",683175,2026,5.53,17,83,1,0,0.346,0.377,21.1,21.1,26.8,40.5,9.5,philc001
"Molina, Anthony",683627,2026,5.4,3,15,0,0,0.343,0.36,9.5,4.8,17.1,33.3,5.6,molia001
"Englert, Mason",669438,2026,4.54,18,107,0,3,0.37,0.365,20.4,5.1,23.9,38.1,14.9,englm001
"Rogers, Trevor",669432,2026,4.15,58,377,8,8,0.308,0.308,20.4,6.6,23.6,39.2,7.1,roget003
"Mize, Casey",663554,2026,3.18,36,306,5,7,0.273,0.283,23.3,6.1,25.3,36.9,7.7,mizec001
"Hoffman, Jeff",656546,2026,3.76,23,165,6,8,0.311,0.297,34.3,9.7,37.2,38.3,9.8,hoffj003
"Headrick, Brent",687396,2026,1.55,11,192,7,2,0.27,0.271,30.3,7.7,31.8,37.7,4.9,headb001
"Little, Luke",681432,2026,9.0,1,3,0,0,0.588,0.527,20.0,0.0,30.0,50.0,25.0,littl001
"Silseth, Chase",681217,2026,2.83,15,143,3,3,0.304,0.309,26.8,13.1,32.1,31.7,9.5,silsc001
"Bubic, Kris",663460,2026,4.11,23,151,3,2,0.286,0.327,24.6,12.6,26.1,39.5,7.8,bubik001
"Strowd, Kade",669704,2026,9.0,1,3,0,0,0.426,0.509,14.3,42.9,0.0,33.3,0.0,strok001
"Yoho, Craig",684974,2026,4.85,14,78,2,1,0.303,0.309,22.0,11.9,28.4,29.0,7.4,yohoc001
"Milner, Hoby",571948,2026,3.53,14,107,1,0,0.31,0.351,12.1,6.0,17.1,37.8,5.9,milnh001
"Fermin, José",820862,2026,3.24,15,125,4,2,0.311,0.322,27.1,11.0,30.9,42.6,9.3,fermj002
"Rainey, Tanner",663432,2026,0.0,0,11,0,0,0.245,0.31,26.7,26.7,40.0,28.6,0.0,raint003
"Mikolas, Miles",571945,2026,5.82,75,348,3,9,0.364,0.354,11.6,4.6,14.5,43.6,9.2,mikom001
"Koenig, Jared",657649,2026,9.0,7,21,0,0,0.443,0.337,17.1,17.1,20.6,46.2,7.7,koenj001
"Ober, Bailey",641927,2026,4.62,53,310,7,4,0.324,0.333,16.3,6.0,19.6,35.5,10.1,oberb002
"Garcia, Rico",670329,2026,3.35,20,161,4,1,0.256,0.277,26.2,8.6,32.7,35.3,6.6,garcr006
"Bruihl, Justin",677865,2026,3.5,24,185,0,1,0.312,0.304,15.3,8.8,17.4,34.5,4.0,bruij001
"Vest, Will",676684,2026,6.08,18,80,3,5,0.326,0.307,23.3,8.6,27.5,35.1,5.3,vestw001
"Svanson, Matt",694335,2026,7.27,35,130,2,3,0.364,0.369,19.8,10.1,18.8,44.8,7.0,svanm001
"Heasley, Jonathan",669169,2026,11.25,5,12,0,0,0.536,0.479,10.5,0.0,7.9,58.8,11.8,heasj001
"Kuhnel, Joel",669270,2026,4.84,19,106,1,3,0.357,0.355,14.0,7.6,22.6,39.5,6.0,kuhnj001
"Acton, Garrett",670183,2026,2.7,2,20,1,1,0.238,0.251,32.1,10.7,35.4,40.0,6.7,actog001
"Pintaro, Jonathan",702752,2026,3.72,8,58,1,0,0.29,0.32,23.4,13.0,25.7,40.4,6.5,pintj002
"Schuemann, Max",680474,2026,0.0,0,3,0,0,0.317,0.43,0.0,20.0,0.0,0.0,0.0,schum002
"Rodón, Carlos",607074,2026,3.22,18,151,4,2,0.279,0.301,26.5,13.3,29.0,36.5,6.3,rodoc001
"Sommers, Drew",805427,2026,3.38,9,72,0,3,0.296,0.229,36.9,10.7,34.1,22.6,1.9,sommd001
"Medina, Luis",665622,2026,3.51,22,169,4,3,0.33,0.322,27.0,12.1,30.1,38.5,8.3,medil002
"Sproat, Brandon",687075,2026,5.27,56,287,3,7,0.35,0.337,24.2,11.6,25.1,43.1,8.7,sprob001
"Bummer, Aaron",607481,2026,10.26,19,50,1,2,0.457,0.382,14.8,12.5,19.5,49.2,12.7,bumma001
"Lange, Alex",656638,2026,5.98,33,149,2,7,0.347,0.336,23.9,11.7,27.8,42.0,12.3,langa001
"Ferguson, Caleb",657571,2026,4.08,13,86,1,0,0.349,0.317,20.0,13.1,19.2,34.9,5.9,fergc001
"Sandlin, Nick",680704,2026,11.42,11,26,0,1,0.419,0.377,15.0,12.5,31.1,38.5,7.7,sandn001
"Cruz, Fernando",518585,2026,2.92,17,157,4,6,0.302,0.284,29.0,13.8,39.4,26.2,8.7,cruzf002
"Gore, MacKenzie",669022,2026,4.45,69,419,7,9,0.311,0.304,25.8,8.5,26.3,42.0,8.8,gorem001
"Duran, Jhoan",661395,2026,1.79,9,136,1,4,0.247,0.231,34.8,4.4,35.6,41.1,2.9,duraj002
"Scott, Tanner",656945,2026,2.28,13,154,1,3,0.241,0.272,32.0,5.6,35.7,33.6,7.4,scott003
"Faucher, Calvin",676534,2026,4.1,24,158,5,5,0.292,0.305,26.4,13.4,27.0,39.7,5.1,faucc001
"Dreyer, Jack",676263,2026,2.92,17,157,5,1,0.261,0.275,30.8,8.2,28.9,40.5,7.2,dreyj001
"Sims, Lucas",608371,2026,4.5,5,30,0,2,0.353,0.33,21.7,15.2,21.6,39.3,7.1,simsl001
"Hurt, Kyle",669165,2026,4.2,19,122,4,1,0.302,0.292,29.0,12.5,35.6,42.2,6.9,hurtk001
"Burke, Brock",656271,2026,2.76,19,186,5,4,0.294,0.302,23.2,13.7,28.8,30.5,7.5,burkb001
"Leasure, Jordan",673929,2026,6.27,13,56,2,1,0.337,0.406,23.1,10.3,26.5,44.2,25.0,leasj001
"Vodnik, Victor",680767,2026,5.02,24,129,3,3,0.344,0.319,15.7,12.2,23.7,40.3,5.8,vodnv001
"Helsley, Ryan",664854,2026,4.11,7,46,0,4,0.319,0.265,30.9,13.2,37.9,47.4,5.3,helsr001
"Winn, Keaton",676775,2026,3.35,16,129,2,3,0.29,0.308,18.8,9.7,23.0,33.3,4.9,winnk001
"Junis, Jakob",596001,2026,2.98,14,127,1,2,0.267,0.306,18.1,5.1,20.3,34.6,3.8,junij001
"Lucchesi, Joey",664192,2026,13.5,5,10,0,1,0.528,0.441,16.7,25.0,17.1,69.2,15.4,luccj001
"Rodriguez, Eduardo",593958,2026,2.71,45,448,12,4,0.299,0.333,17.3,7.7,20.6,35.2,8.3,rodre004
"McGreevy, Michael",700241,2026,3.48,51,396,5,9,0.31,0.351,17.0,6.5,19.4,42.4,9.9,mcgrm001
"Backhus, Kyle",679775,2026,4.95,11,60,2,1,0.349,0.308,21.3,6.4,19.6,30.3,4.6,backk001
"Feltner, Ryan",663372,2026,5.97,61,276,5,7,0.375,0.358,15.7,9.6,23.8,38.8,11.2,feltr001
"Brazobán, Huascar",623211,2026,3.0,20,180,5,2,0.266,0.28,21.9,10.7,25.5,29.6,4.3,brazh001
"Trevino, Jose",624431,2026,14.4,8,15,0,0,0.504,0.436,3.4,3.4,2.8,53.8,11.5,trevj001
"Roa, Christian",685005,2026,5.19,5,26,0,1,0.423,0.415,14.0,16.3,24.7,63.0,7.4,roa-c001
"Hoffmann, Andrew",694851,2026,7.71,10,35,1,0,0.433,0.336,20.3,13.6,19.1,43.2,8.1,hoffa001
"Sanmartin, Reiver",665665,2026,7.45,8,29,1,0,0.445,0.354,21.7,6.5,23.0,48.5,15.2,sanmr001
"McDermott, Chayce",694646,2026,6.35,4,17,1,0,0.37,0.382,16.0,8.0,23.1,36.8,21.1,mcdec001
"Senzatela, Antonio",622608,2026,3.88,25,174,9,4,0.306,0.303,21.0,7.4,24.0,41.3,6.4,senza001
"Waguespack, Jacob",621097,2026,1.95,6,83,1,1,0.241,0.269,15.0,8.4,24.6,30.9,4.9,waguj001
"Brito, Jhony",666745,2026,3.38,2,16,0,0,0.289,0.256,20.0,5.0,28.3,33.3,6.7,britj003
"Brash, Matt",666374,2026,0.54,1,50,3,0,0.218,0.316,23.4,9.4,32.1,40.0,5.0,brasm001
"Clarke, Taylor",664199,2026,2.41,15,168,2,3,0.244,0.312,14.4,4.7,20.5,32.7,8.2,clart003
"Cuas, Jose",621016,2026,1.64,2,33,0,0,0.31,0.321,27.7,8.5,25.9,36.7,3.3,cuasj001
"Heuer, Codi",676051,2026,4.66,5,29,0,1,0.355,0.335,13.0,10.9,25.3,52.9,2.9,heuec001
"Duran, Carlos",679922,2026,0.0,0,3,1,0,0.43,0.333,11.1,33.3,30.0,0.0,0.0,durac001
"Halvorsen, Seth",678020,2026,4.5,10,60,1,1,0.357,0.39,17.0,16.0,22.8,37.3,6.0,halvs001
"Irvin, Jake",663623,2026,5.8,46,214,2,7,0.333,0.351,23.0,9.9,24.0,43.8,12.3,irvij001
"Weaver, Luke",596133,2026,2.25,12,144,2,1,0.224,0.269,26.2,6.4,30.1,35.5,8.1,weavl001
"Harrison, Kyle",690986,2026,2.84,31,295,10,3,0.29,0.276,30.3,6.5,29.1,35.6,6.8,harrk001
"Yates, Kirby",489446,2026,3.6,14,105,1,5,0.28,0.265,29.7,8.8,30.7,46.0,6.9,yatek001
"Martinez, Seth",661527,2026,9.0,1,3,0,0,0.48,0.36,16.7,0.0,36.4,50.0,0.0,marts003
"Emanuel, Kent",592288,2026,3.6,2,15,0,1,0.379,0.307,17.4,13.0,20.9,40.0,6.7,emank001
"Chandler, Bubba",696149,2026,4.23,57,364,6,8,0.305,0.311,20.5,12.1,23.1,37.1,5.7,chanb001
"Waldrep, Hurston",694462,2026,8.44,10,32,0,1,0.419,0.359,16.1,17.9,23.3,34.3,8.6,waldh001
"Williams, Gavin",668909,2026,3.74,62,447,11,7,0.291,0.305,32.4,7.7,31.5,47.7,11.7,willg004
"Taillon, Jameson",592791,2026,5.68,53,252,2,6,0.363,0.363,20.7,8.8,26.8,38.7,14.6,tailj001
"Houser, Adrian",605288,2026,4.08,49,324,4,7,0.327,0.341,15.7,7.3,17.8,42.2,8.8,housa001
"Ray, Robbie",592662,2026,3.2,49,413,11,7,0.31,0.329,20.2,11.8,24.8,38.3,8.7,ray-r002
"Trivino III, Lou",642152,2026,15.0,10,18,0,0,0.465,0.33,19.4,19.4,31.7,38.1,4.8,trivl001
"Pannone, Thomas",623381,2026,6.0,2,9,0,1,0.373,0.4,14.3,14.3,10.7,30.0,10.0,pannt001
"Burgos, Juan",686228,2026,3.38,1,8,0,0,0.343,0.208,0.0,0.0,13.6,18.2,0.0,burgj002
"Sisk, Evan",681895,2026,2.66,12,122,1,0,0.311,0.277,27.0,10.3,26.5,30.7,3.0,siske001
"Sousa, Bennett",656986,2026,3.52,6,46,1,1,0.328,0.253,25.4,11.9,30.9,31.0,9.5,sousb001
"Nance, Tommy",667297,2026,3.11,16,139,2,2,0.288,0.307,25.8,9.3,25.5,34.1,5.6,nanct001
"Miller, Erik",669062,2026,2.25,10,120,2,0,0.278,0.274,32.9,14.5,35.5,27.3,5.8,mille002
"Hernández, Jonathan",642546,2026,5.68,16,76,0,0,0.304,0.321,20.2,11.9,19.9,40.5,5.5,hernj004
"Madden, Ty",680744,2026,2.72,11,109,1,0,0.243,0.259,25.3,8.2,24.4,30.2,5.2,maddt001
"Tidwell, Blade",694918,2026,4.33,13,81,0,0,0.287,0.306,18.2,9.1,27.1,41.8,6.3,tidwb001
"Baz, Shane",669358,2026,4.02,65,437,4,13,0.316,0.312,21.2,7.9,22.5,42.8,6.8,baz-s001
"Martin, Corbin",656686,2026,10.8,6,15,0,0,0.41,0.396,16.0,20.0,34.0,56.3,12.5,martc009
"Thompson, Ryan",657044,2026,4.43,20,122,4,2,0.345,0.311,15.6,7.0,19.2,34.0,4.3,thomr007
"Zerpa, Angel",672582,2026,6.39,9,38,0,2,0.405,0.405,14.5,10.9,17.8,51.2,7.3,zerpa001
"Lee, Chase",695445,2026,7.88,7,24,1,0,0.435,0.35,5.4,21.6,18.4,33.3,11.1,lee-c005
"Johnston, Troy",687859,2026,0.0,0,3,0,0,0.285,0.376,0.0,20.0,10.0,66.7,0.0,johnt003
"Mlodzinski, Carmen",669387,2026,4.03,46,308,6,6,0.327,0.351,18.0,8.0,20.8,47.7,7.3,mlodc001
"Maton, Phil",664208,2026,6.18,19,83,0,1,0.398,0.389,22.8,11.8,25.7,42.9,11.9,matop002
"Doval, Camilo",666808,2026,4.07,22,146,3,1,0.316,0.297,22.1,12.0,26.4,47.9,6.5,dovac001
"Shuster, Jared",694363,2026,9.0,9,27,0,0,0.362,0.311,9.1,13.6,13.6,50.0,2.9,shusj001
"Avila, Luinder",679883,2026,5.53,43,210,5,4,0.355,0.339,19.7,13.6,23.9,35.3,5.9,avill002
"Allen, Logan",671106,2026,3.24,3,25,0,0,0.384,0.312,23.8,9.5,18.5,53.6,10.7,allel003
"Ginkel, Kevin",656464,2026,3.86,23,161,5,4,0.294,0.306,22.6,6.9,29.4,39.9,9.8,ginkk001
"Speier, Gabe",642100,2026,2.76,10,98,2,3,0.298,0.313,20.7,9.3,22.9,36.6,9.8,speig001
"Johnson, Seth",686751,2026,7.29,17,63,1,0,0.389,0.361,24.5,16.0,27.9,48.4,14.5,johns003
"Mederos, Victor",682989,2026,3.68,9,66,2,1,0.28,0.291,21.7,7.6,32.0,42.9,4.8,medev001
"Núñez, Dedniel",673380,2026,10.13,6,16,0,0,0.565,0.402,18.5,0.0,26.7,50.0,9.1,nuned003
"Márquez, Germán",608566,2026,5.26,31,159,4,2,0.371,0.362,15.7,10.2,19.0,43.9,9.8,marqg001
"Luzardo, Jesús",666200,2026,3.23,54,451,11,5,0.286,0.264,29.8,7.4,31.9,31.8,5.8,luzaj001
"Lee, Dylan",669276,2026,2.05,13,171,5,0,0.2,0.233,33.3,6.5,37.6,30.8,6.2,lee-d005
"Peguero, Joel",666711,2026,2.38,3,34,0,0,0.297,0.256,10.4,8.3,18.1,24.3,0.0,peguj003
"Rodriguez, Carlos",692230,2026,3.86,4,28,0,0,0.324,0.282,19.0,9.5,26.4,16.7,3.3,rodrc003
"Burgos, Raymond",670103,2026,2.7,3,30,0,0,0.193,0.296,14.7,2.9,15.7,35.7,7.1,burgr001
"Thomas, Connor",671162,2026,18.41,15,22,0,1,0.496,0.373,14.3,12.2,27.2,41.7,8.3,thomc004
"Lorenzen, Michael",547179,2026,7.08,91,347,3,11,0.401,0.374,14.6,8.7,18.1,46.4,9.4,lorem002
"Rea, Colin",607067,2026,4.58,63,371,8,8,0.335,0.359,17.0,8.0,19.5,41.4,10.7,rea-c001
"Allard, Kolby",663465,2026,10.38,10,26,0,0,0.467,0.385,20.0,6.7,17.4,43.8,15.6,allak001
"Montgomery, Mason",682254,2026,3.4,19,151,5,3,0.258,0.247,39.0,10.0,32.9,40.2,8.4,montm003
"Hall, DL",669084,2026,2.43,11,122,2,0,0.263,0.292,25.3,17.3,27.8,31.5,5.5,halld004
"Bivens, Spencer",702352,2026,0.0,0,6,0,0,0.337,0.25,30.0,10.0,18.2,33.3,0.0,bives001
"Senga, Kodai",673540,2026,7.82,44,152,0,8,0.379,0.34,25.6,15.0,28.5,38.2,11.8,sengk001
"Povich, Cade",700249,2026,4.45,14,85,2,1,0.35,0.342,17.5,8.3,23.6,43.2,8.0,povic001
"Montgomery, Jordan",656756,2026,7.88,7,24,0,0,0.394,0.368,15.8,2.6,20.5,35.5,9.7,montj004
"Petty, Chase",695534,2026,4.83,17,95,1,2,0.328,0.361,10.8,6.5,19.6,37.5,9.1,pettc002
"Lynch IV, Daniel",663738,2026,2.83,17,162,4,4,0.26,0.295,18.8,7.3,27.3,35.8,5.7,lyncd001
"Criswell, Jeff",676105,2026,4.5,2,12,0,0,0.443,0.436,16.7,16.7,27.0,25.0,16.7,crisj001
"Fairbanks, Pete",664126,2026,5.87,25,115,3,4,0.328,0.317,32.5,9.6,32.1,44.1,13.0,fairp001
"Herget, Jimmy",623474,2026,6.14,25,110,0,5,0.375,0.328,21.3,11.8,27.0,36.9,9.9,hergj001
"Vesia, Alex",681911,2026,3.25,16,133,1,1,0.252,0.275,30.5,15.8,34.6,37.3,5.9,vesia001
"Latz, Jacob",656641,2026,1.77,11,168,3,1,0.193,0.241,29.0,7.6,29.5,37.6,5.3,latzj001
"Vanasco, Ricky",676568,2026,15.63,11,19,0,1,0.511,0.399,10.0,15.0,20.6,43.3,6.7,vanar001
"Scherzer, Max",453286,2026,7.4,37,135,1,6,0.368,0.332,15.8,9.9,17.9,32.2,9.4,schem001
"Higgins, P.J.",664731,2026,0.0,0,3,0,0,0.0,0.034,33.3,0.0,40.0,0.0,0.0,higgp001
"Young, Brandon",687064,2026,3.52,46,353,9,3,0.319,0.323,18.9,8.3,23.4,41.1,6.9,younb001
"Kerkering, Orion",689147,2026,3.62,20,149,7,1,0.284,0.275,24.8,11.9,26.7,29.1,5.3,kerko001
"Harvey, Hunter",640451,2026,6.75,3,12,0,1,0.415,0.344,22.2,5.6,20.0,38.5,23.1,harvh001
"Richardson, Lyon",680689,2026,13.5,5,10,0,1,0.433,0.478,25.0,18.8,32.0,25.0,28.6,richl001
"Nardi, Andrew",677053,2026,5.16,13,68,3,3,0.343,0.348,27.3,11.1,30.4,45.0,13.3,narda001
"Tong, Jonah",804636,2026,3.6,4,30,1,1,0.28,0.309,14.9,14.9,23.4,30.3,6.1,tongj001
"Lodolo, Nick",666157,2026,4.52,36,215,3,2,0.356,0.369,18.0,9.2,21.9,38.6,8.9,lodon001
"Bolton, Cody",675989,2026,5.4,12,60,0,1,0.371,0.38,23.2,14.7,19.6,48.3,10.3,boltc001
"Zuber, Tyler",676604,2026,3.16,9,77,2,1,0.325,0.271,27.8,4.6,24.4,46.5,2.8,zubet001
"Voth, Austin",608723,2026,9.9,11,30,0,1,0.459,0.402,5.4,10.7,15.6,40.4,8.5,votha001
"Ferrer, José A.",678606,2026,3.63,21,156,4,2,0.318,0.291,19.0,6.1,19.7,35.7,6.0,ferrj002
"Gordon, Tanner",685299,2026,5.55,44,214,0,3,0.379,0.337,19.9,4.2,23.0,45.1,11.1,gordt002
"Estrada, Jeremiah",669093,2026,3.6,12,90,2,2,0.26,0.287,30.3,13.1,31.9,34.8,7.2,estrj002
"Leahy, Kyle",681517,2026,3.24,44,367,10,4,0.321,0.34,21.5,6.8,22.5,48.4,10.2,leahk001
"Hanifee, Brenan",669724,2026,5.06,12,64,0,1,0.369,0.37,10.8,7.5,14.4,45.3,8.1,hanib001
"Corbin, Patrick",571578,2026,5.51,49,240,3,4,0.364,0.356,17.5,6.9,21.1,42.1,7.5,corbp001
"Kent, Zak",687849,2026,6.28,10,43,0,0,0.401,0.351,15.9,10.1,20.9,45.1,11.8,kentz001
"Maxwell, Zach",687209,2026,8.53,12,38,0,1,0.406,0.359,17.9,14.9,16.4,39.5,11.4,maxwz001
"Schultz, Paxton",687606,2026,6.4,23,97,1,2,0.372,0.342,20.9,7.8,18.7,39.3,8.4,schup002
"Cease, Dylan",656302,2026,2.42,37,413,7,5,0.248,0.254,36.3,10.7,34.8,32.4,4.9,ceasd001
"Gaddis, Hunter",683769,2026,3.46,16,125,1,3,0.303,0.321,22.3,9.6,30.8,31.2,8.8,gaddh001
"Gallen, Zac",668678,2026,6.34,69,294,3,9,0.372,0.383,13.9,7.0,19.0,44.7,11.0,gallz001
"Estes, Joey",683155,2026,8.31,4,13,0,0,0.431,0.263,22.2,5.6,32.4,30.8,7.7,estej001
"Bradford, Cody",674003,2026,2.93,5,46,0,1,0.341,0.369,15.4,6.2,21.6,42.0,10.2,bradc003
"Fried, Max",608331,2026,2.81,27,259,4,4,0.24,0.248,23.8,8.1,24.6,31.3,1.8,friem001
"Rolison, Ryan",669020,2026,2.86,16,151,7,1,0.303,0.316,23.3,11.4,21.3,41.5,6.8,rolir001
"Holmes, Grant",656550,2026,3.82,50,353,7,5,0.316,0.337,18.9,10.2,27.4,43.5,8.9,holmg001
"Leiter, Jack",683004,2026,5.29,47,240,3,7,0.34,0.336,23.4,9.9,25.4,39.9,10.3,leitj001
"Murdock, Noah",668716,2026,0.0,0,9,0,0,0.34,0.245,28.6,21.4,22.7,57.1,0.0,murdn001
"Hedges, Austin",595978,2026,6.75,2,8,0,0,0.297,0.275,8.3,0.0,6.7,27.3,0.0,hedga001
"Kochanowicz, Jack",686799,2026,6.19,44,192,2,5,0.331,0.359,15.9,12.2,23.6,42.8,7.4,kochj001
"Mattson, Isaac",676755,2026,4.91,20,110,0,0,0.344,0.373,20.5,10.8,21.7,50.4,12.4,matti001
"Henriquez, Edgardo",683618,2026,3.06,17,150,4,1,0.252,0.253,26.7,11.4,29.6,25.8,2.5,henre001
"Kittredge, Andrew",552640,2026,3.62,15,112,2,3,0.31,0.302,18.6,6.6,23.2,36.8,5.6,kitta001
"Roycroft, Chris",688297,2026,9.13,23,68,1,0,0.432,0.395,14.4,9.6,17.1,43.5,12.0,roycc001
"Casparius, Ben",676508,2026,9.64,5,14,0,1,0.404,0.385,17.4,17.4,35.0,26.7,13.3,caspb001
"Cano, Yennier",666974,2026,3.24,15,125,2,3,0.251,0.276,22.1,5.2,26.7,38.2,5.9,canoy001
"Ross, Joe",605452,2026,9.26,12,35,0,1,0.404,0.391,12.3,10.5,30.0,36.4,11.4,rossj002
"Elder, Bryce",693821,2026,3.92,60,413,8,7,0.307,0.31,19.5,7.9,21.6,40.8,6.5,eldeb001
"Flaherty, Jack",656427,2026,4.59,44,259,3,8,0.329,0.323,26.2,10.8,27.1,46.2,8.4,flahj002
"Urquidy, José",664353,2026,5.06,9,48,2,1,0.359,0.257,23.9,2.8,27.3,34.6,7.8,urquj001
"Kelly, Michael",547184,2026,16.2,9,15,0,0,0.556,0.435,18.8,18.8,24.1,45.0,15.0,kellm004
"Woods Richardson, Simeon",680573,2026,6.0,42,189,2,7,0.378,0.365,12.3,11.9,18.4,43.0,7.9,woods002
"Nikhazy, Doug",680951,2026,4.5,1,6,0,0,0.254,0.291,11.1,22.2,33.3,33.3,0.0,nikhd001
"Keller, Brad",641745,2026,4.02,14,94,2,1,0.309,0.284,23.7,9.6,22.5,31.8,4.6,kellb003
"Wantz, Andrew",681806,2026,14.73,6,11,0,0,0.476,0.463,5.0,15.0,14.0,35.7,7.1,wanta001
"Booser, Cam",592155,2026,2.1,7,90,1,0,0.242,0.246,33.3,5.3,28.6,41.4,7.1,boosc001
"Abreu, Bryan",650556,2026,4.3,22,138,4,3,0.329,0.311,29.4,16.4,32.9,41.9,5.8,abreb002
"Bird, Jake",656234,2026,5.8,23,107,1,1,0.367,0.327,23.5,8.0,26.3,35.8,9.4,birdj001
"Santana, Dennis",642701,2026,6.0,28,126,2,5,0.36,0.35,19.8,11.2,25.8,40.9,9.4,santd003
"Brzykcy, Zach",694350,2026,3.0,1,9,0,0,0.37,0.306,16.7,16.7,16.7,37.5,0.0,brzyz001
"Yamamoto, Yoshinobu",808967,2026,2.6,42,436,12,7,0.245,0.273,24.5,6.1,25.9,35.9,6.5,yamay001
"Spence, Mitch",687765,2026,21.21,22,28,0,2,0.509,0.361,10.7,16.1,20.0,41.5,2.4,spenm001
"Abner, Philip",691769,2026,6.28,10,43,0,0,0.335,0.401,9.4,12.5,18.1,40.0,12.0,abnep001
"Brogdon, Connor",641401,2026,5.28,9,46,2,2,0.335,0.345,20.9,4.5,26.7,44.0,14.0,brogc001
"Jacob, Alek",689690,2026,5.4,3,15,1,0,0.352,0.272,26.1,8.7,37.8,35.7,7.1,jacoa001
"Eder, Jake",671109,2026,2.25,1,12,1,0,0.249,0.459,6.7,6.7,9.1,69.2,30.8,ederj001
"Murphy, Chris",669684,2026,4.2,14,90,3,0,0.316,0.294,22.0,11.4,30.7,34.5,7.1,murpc001
"Bigge, Hunter",685801,2026,6.98,15,58,1,1,0.297,0.311,16.5,16.5,25.9,36.8,5.3,biggh001
"Brown, Ben",676962,2026,1.85,14,204,4,2,0.228,0.279,24.5,7.2,27.3,43.0,7.3,browb006
"Gordon, Colton",676467,2026,11.57,12,28,0,0,0.589,0.41,22.0,6.0,17.2,48.6,11.4,gordc001
"Civale, Aaron",650644,2026,4.86,49,272,5,7,0.372,0.336,18.0,6.8,21.2,43.8,9.2,civaa001
"Sandoval, Patrick",663776,2026,4.76,18,102,1,2,0.383,0.334,21.9,10.0,25.5,32.4,5.6,sandp002
"Cole, Gerrit",543037,2026,3.22,31,260,6,6,0.285,0.282,26.6,5.3,22.2,42.3,8.1,coleg001
"Robles, Victor",645302,2026,27.0,3,3,0,0,0.572,0.504,0.0,11.1,0.0,37.5,0.0,roblv001
"Hart, Kyle",606996,2026,4.03,23,154,0,3,0.283,0.273,23.4,8.1,22.7,27.1,5.8,hartk002
"Mills, Wyatt",670090,2026,5.68,4,19,0,0,0.338,0.368,13.9,25.0,22.6,25.0,0.0,millw002
"Murray, Jayden",681151,2026,9.37,17,49,0,0,0.438,0.363,17.7,11.4,27.7,42.9,14.3,murrj001
"Waldichuk, Ken",686610,2026,6.75,7,28,0,0,0.399,0.397,20.0,12.5,27.4,38.5,19.2,waldk003
"Roupp, Landen",694738,2026,4.31,62,388,7,12,0.3,0.3,22.6,11.1,25.2,29.3,4.8,roupl001
"Assad, Javier",665871,2026,3.46,32,250,6,1,0.302,0.326,16.6,6.3,14.9,45.5,7.1,assaj001
"Warren, Will",701542,2026,4.43,60,366,8,6,0.342,0.332,22.8,8.0,22.4,43.7,8.0,warrw001
"Varland, Louis",686973,2026,1.26,9,193,5,4,0.228,0.234,31.5,7.1,29.3,37.8,4.5,varll001
"Gervase, Paul",801434,2026,2.35,2,23,0,0,0.286,0.306,23.5,14.7,28.0,42.9,4.8,gervp001
"Wells, Tyler",669330,2026,2.79,19,184,2,2,0.275,0.277,25.3,6.6,30.4,32.7,7.4,wellt003
"Karinchak, James",675916,2026,1.86,2,29,0,0,0.232,0.268,21.6,13.5,26.6,33.3,8.3,karij001
"Rock, Joe",697812,2026,3.48,4,31,0,1,0.364,0.39,22.6,20.8,27.4,57.1,3.6,rockj002
"Messick, Parker",800048,2026,2.54,42,447,9,8,0.267,0.267,25.7,6.8,26.1,32.5,5.0,messp001
"Adams, Travis",701519,2026,5.63,25,120,3,0,0.334,0.309,26.4,9.8,27.5,30.6,8.2,adamt002
"Rodriguez, Bradgley",699134,2026,2.08,13,169,3,2,0.253,0.226,26.0,7.4,28.9,28.6,2.6,rodrb001
"Romano, Jordan",605447,2026,5.4,13,65,0,2,0.319,0.303,26.5,12.7,28.5,32.8,3.3,romaj004
"Sugano, Tomoyuki",608372,2026,4.7,62,356,12,6,0.353,0.395,13.9,5.4,18.2,43.8,13.5,sugat001
"Giolito, Lucas",608337,2026,5.16,17,89,2,3,0.37,0.357,13.0,16.7,24.0,43.8,4.2,gioll001
"Brubaker, JT",664141,2026,3.59,23,173,0,0,0.289,0.343,16.2,10.4,21.2,36.6,5.7,brubj001
"Santillan, Tony",663574,2026,5.23,18,93,1,4,0.354,0.348,20.9,10.4,22.4,46.7,11.1,santt001
"Kimbrel, Craig",518886,2026,4.38,18,111,1,2,0.312,0.321,21.2,10.9,24.9,37.5,6.7,kimbc001
"Schreiber, John",670167,2026,3.6,18,135,0,3,0.321,0.335,17.3,11.0,22.0,41.2,6.7,schrj001
"Hollowell, Gavin",668970,2026,2.51,4,43,0,0,0.315,0.351,21.0,12.9,27.8,35.0,15.0,hollg002
"Fleming, Josh",676596,2026,12.0,4,9,0,0,0.479,0.47,5.6,11.1,13.5,64.3,7.1,flemj001
"Arcia, Orlando",606115,2026,9.0,1,3,0,0,0.457,0.411,0.0,40.0,0.0,0.0,0.0,arcio002
"Teng, Kai-Wei",678906,2026,4.35,33,205,5,6,0.335,0.334,22.3,10.0,25.2,39.4,7.8,tengk001
"Bello, Brayan",678394,2026,4.69,46,265,5,6,0.329,0.351,17.4,7.3,24.9,42.3,8.0,bellb002
"Nelson, Ryne",669194,2026,4.97,46,250,3,5,0.336,0.349,17.5,6.2,21.0,43.4,10.2,nelsr003
"Lawrence, Justin",664875,2026,7.34,28,103,0,3,0.413,0.38,24.3,15.8,26.3,43.0,10.0,lawrj002
"Eisert, Brandon",685126,2026,6.29,24,103,2,2,0.348,0.291,26.7,8.0,30.2,38.8,7.1,eiseb001
"Sulser, Cole",642121,2026,4.86,25,139,1,0,0.319,0.325,24.4,7.1,26.9,39.3,11.9,sulsc001
"Kelly, Zack",677161,2026,3.31,6,49,0,2,0.28,0.368,19.7,9.9,21.1,38.8,8.2,kellz001
"Legumina, Casey",668984,2026,3.81,23,163,2,2,0.318,0.323,18.0,5.9,21.4,37.1,6.9,leguc001
"Hudson, Bryan",663542,2026,3.42,20,158,3,4,0.302,0.278,22.8,7.6,23.5,35.8,4.0,hudsb001
"Ohtani, Shohei",660271,2026,1.79,17,257,8,2,0.239,0.257,27.9,7.6,30.4,33.8,3.8,ohtas001
"McDonald, Trevor",686790,2026,5.12,40,211,3,7,0.323,0.312,18.4,7.4,21.3,37.8,4.2,mcdot001
"Black, Mason",696131,2026,3.77,12,86,0,0,0.348,0.387,14.6,14.6,19.2,46.7,10.0,blacm001
"Severino, Luis",622663,2026,4.16,29,188,2,6,0.345,0.318,24.0,11.4,23.0,38.7,8.7,sevel001
"Hancock, Emerson",676106,2026,3.3,47,384,7,7,0.288,0.308,23.1,6.2,23.7,41.1,8.4,hance001
"Wacha, Michael",608379,2026,3.58,62,467,6,8,0.309,0.314,19.0,6.5,21.1,37.1,7.1,wachm001
"Bieber, Shane",669456,2026,4.99,27,146,4,2,0.338,0.368,18.2,9.9,23.5,46.0,10.9,biebs001
"Domínguez, Seranthony",622554,2026,4.95,24,131,4,3,0.338,0.329,26.3,14.4,28.4,36.3,9.0,domis001
"Festa, Matt",670036,2026,3.93,23,158,2,3,0.339,0.31,24.5,6.4,28.4,42.6,8.4,festm001
"Smith, Dylan",681916,2026,2.73,8,79,0,4,0.269,0.287,29.5,10.7,28.1,44.6,7.7,smitd010
"Johnson, Pierce",572955,2026,4.46,18,109,2,1,0.316,0.351,21.4,8.4,23.8,38.0,11.3,johnp001
"Vásquez, Randy",681190,2026,4.3,53,333,8,6,0.342,0.365,15.0,6.8,19.3,44.1,10.6,vasqr001
"Suárez, Albert",544150,2026,3.91,23,159,2,0,0.313,0.324,16.5,8.3,22.3,40.5,7.5,suara001
"Bednar, David",670280,2026,2.4,15,169,6,3,0.235,0.247,28.2,7.9,31.4,34.3,3.5,bednd001
"Blewett, Scott",656240,2026,2.93,5,46,0,0,0.296,0.301,16.0,6.7,22.4,29.3,3.4,blews001
"Carrasco, Carlos",471911,2026,5.94,11,50,0,0,0.373,0.431,9.6,4.1,19.0,41.0,9.8,carrc003
"Wrobleski, Justin",680736,2026,3.56,50,379,11,5,0.294,0.331,19.4,5.4,20.0,43.9,9.4,wrobj001
"Lambert, Peter",663567,2026,3.11,41,356,8,6,0.289,0.288,23.3,9.3,25.5,36.6,6.8,lambp001
"Loáisiga, Jonathan",642528,2026,2.63,15,154,4,3,0.269,0.275,17.8,5.4,22.5,33.1,4.5,loaij001
"Antone, Tejay",622088,2026,3.6,16,120,2,2,0.289,0.292,21.9,7.9,26.6,34.5,7.1,antot001
"Wilcox, Cole",677961,2026,4.0,12,81,0,0,0.325,0.355,22.8,13.8,31.4,46.1,6.7,wilcc001
"Funderburk, Kody",681892,2026,3.35,15,121,3,1,0.271,0.301,19.8,12.8,22.5,27.2,5.3,fundk001
"McCullers Jr., Lance",621121,2026,6.55,32,132,2,3,0.359,0.328,24.6,13.8,27.9,47.5,7.6,mccul002
"Javier, Cristian",664299,2026,6.44,26,109,1,4,0.38,0.357,18.0,10.2,25.7,38.1,8.5,javic001
"Moll, Sam",594580,2026,4.47,25,151,2,7,0.324,0.33,22.2,12.6,22.9,34.7,6.1,molls001
"Rucker, Michael",621074,2026,4.91,14,77,0,4,0.29,0.287,28.3,8.3,27.2,38.7,8.0,ruckm001
"Sánchez, Cristopher",650911,2026,2.51,45,485,16,4,0.293,0.284,27.8,5.6,32.8,41.8,7.2,sancc002
"Shugart, Chase",663767,2026,4.61,21,123,2,1,0.343,0.317,27.8,9.7,25.0,34.0,11.3,shugc001
"Myers, Tobias",668964,2026,6.26,32,138,0,2,0.359,0.332,16.7,6.6,17.8,46.1,6.0,myert001
"Brieske, Beau",689225,2026,6.75,7,28,0,0,0.366,0.33,20.5,10.3,21.3,48.1,11.1,brieb001
"Suarez, Ranger",624133,2026,3.41,43,340,5,3,0.284,0.295,24.2,7.1,23.0,32.8,4.7,suarr001
"Rom, Drew",680723,2026,7.0,7,27,1,1,0.39,0.355,33.3,13.3,31.9,66.7,16.7,rom-d001
"Mears, Nick",683232,2026,5.12,11,58,2,3,0.344,0.382,18.1,13.3,18.7,50.9,12.5,mearn001
"Alexander, Tyler",641302,2026,3.29,20,164,3,2,0.299,0.28,20.1,7.3,21.3,32.9,3.6,alext001
"Bazardo, Eduard",660825,2026,3.0,19,171,3,3,0.315,0.316,23.8,6.7,21.6,37.6,8.5,bazae001
"Gray, Sonny",543243,2026,2.65,39,398,15,3,0.295,0.294,21.8,6.3,22.7,37.4,6.1,grays001
"Morillo, Juan",666661,2026,2.32,13,151,3,4,0.249,0.238,29.1,8.9,30.8,31.5,3.3,morij002
"Williamson, Brandon",682227,2026,6.11,19,84,2,3,0.36,0.389,14.8,15.6,24.1,41.9,10.5,willb003
"Ashby, Aaron",676879,2026,3.39,26,207,13,2,0.291,0.267,32.5,11.6,32.6,39.5,4.7,ashba003
"Pomeranz, Drew",519141,2026,5.59,18,87,2,3,0.368,0.351,12.6,11.9,17.6,37.0,9.1,pomed001
"Fernández, Julian",642759,2026,2.25,1,12,0,0,0.29,0.301,16.7,11.1,27.6,53.8,7.7,fernj007
"Bowlan, Jonathan",680742,2026,2.89,15,140,2,1,0.257,0.254,31.0,7.0,32.4,36.0,5.3,bowlj001
"King, John",667463,2026,3.99,22,149,6,2,0.281,0.31,16.8,8.6,21.7,37.8,8.5,kingj002
"Wheeler, Zack",554430,2026,2.92,39,361,10,4,0.271,0.26,30.4,7.0,30.7,35.0,5.8,wheez001
"Guerrero, Tyron",594027,2026,2.94,11,101,1,2,0.253,0.25,25.5,3.6,24.6,33.7,4.3,guert001
"Detmers, Reid",672282,2026,3.78,60,429,4,8,0.274,0.283,28.8,7.4,29.6,38.2,8.3,detmr001
"McClanahan, Shane",663556,2026,3.25,37,307,9,6,0.272,0.315,22.2,8.3,26.9,41.5,8.7,mccls003
"Ashcraft, Graham",668933,2026,3.33,10,81,1,1,0.279,0.286,29.4,14.7,32.4,36.1,7.3,ashcg001
"Sanders, Cam",676742,2026,6.38,13,55,1,1,0.305,0.322,27.1,15.3,37.9,28.3,6.5,sandc002
"May, Dustin",669160,2026,4.57,63,372,6,8,0.309,0.316,22.6,8.0,22.3,44.8,6.8,may-d003
"Sterner, Justin",686993,2026,6.12,29,128,2,3,0.359,0.292,21.7,7.1,29.9,45.0,9.2,sterj001
"Snell, Blake",605483,2026,3.6,6,45,1,1,0.228,0.229,31.7,9.5,36.6,10.8,0.0,snelb001
"Topa, Justin",623437,2026,8.05,17,57,0,1,0.415,0.376,13.0,12.0,14.1,45.6,9.1,topaj001
"López, Reynaldo",625643,2026,3.64,29,215,4,3,0.322,0.33,21.6,9.5,21.8,36.4,7.7,loper003
"Verlander, Justin",434378,2026,12.27,5,11,0,1,0.472,0.474,5.3,10.5,15.4,56.3,12.5,verlj001
"Okert, Steven",595345,2026,2.01,14,188,6,1,0.242,0.262,26.7,5.4,30.7,33.3,4.5,okers001
"King, Michael",650633,2026,3.38,56,447,8,9,0.294,0.321,21.0,9.5,24.8,32.4,8.5,kingm002
"Suarez, Robert",663158,2026,0.56,2,96,4,0,0.203,0.282,21.5,5.0,24.0,33.0,3.4,suarr002
"Soroka, Michael",647336,2026,2.93,30,276,8,3,0.281,0.312,23.5,5.6,22.0,32.6,8.0,sorom001
"Cantillo, Joey",676282,2026,3.8,53,377,9,7,0.332,0.304,25.6,10.9,30.7,39.2,8.2,cantj002
"McGee, Easton",668834,2026,8.59,7,22,0,0,0.493,0.369,20.0,11.4,22.5,37.5,12.5,mcgee001
"Thompson, Keegan",624522,2026,8.25,11,36,0,0,0.406,0.407,19.3,3.5,21.6,50.0,13.6,thomk002
"Poulin, PJ",676571,2026,2.7,11,110,3,0,0.302,0.353,16.3,13.7,16.9,44.3,9.6,poulp001
"Stanek, Ryne",592773,2026,4.38,24,148,2,2,0.34,0.323,23.9,12.4,28.6,38.0,8.8,stanr002
"Jansen, Kenley",445276,2026,4.19,16,103,3,5,0.292,0.299,27.8,13.9,26.5,35.7,8.3,jansk001
"Gusto, Ryan",687473,2026,4.7,28,161,0,3,0.327,0.317,20.7,5.9,21.2,44.2,8.7,gustr001
"Bachar, Lake",669199,2026,3.8,29,206,1,2,0.288,0.292,25.6,8.5,30.3,35.6,9.4,bachl001
"Misiorowski, Jacob",694819,2026,1.75,27,417,12,5,0.211,0.216,39.8,5.9,38.1,33.6,3.2,misij001
"Armstrong, Shawn",542888,2026,4.91,18,99,2,1,0.324,0.309,22.6,13.0,24.1,34.8,6.5,armss001
"Webb, Jacob",657097,2026,2.25,14,168,6,2,0.271,0.3,27.2,8.6,33.8,41.6,6.2,webbj002
"Criswell, Cooper",681867,2026,3.52,12,92,2,1,0.301,0.286,19.0,6.6,22.0,36.0,4.5,crisc002
"Bernardino, Brennan",657514,2026,2.82,16,153,3,3,0.304,0.312,17.2,6.5,21.8,32.5,5.7,bernb001
"Burrows, Mike",681347,2026,5.99,63,284,4,9,0.375,0.337,17.7,8.3,21.6,38.8,8.4,burrm001
"Castro, Kervin",665645,2026,1.42,1,19,0,0,0.193,0.235,34.8,8.7,25.0,30.8,0.0,castk002
"Walker, Ryan",676254,2026,7.52,22,79,0,1,0.377,0.324,15.2,12.0,15.2,35.6,6.7,walkr001
"Sands, Cole",663485,2026,8.25,11,36,1,1,0.409,0.364,19.6,8.9,23.3,56.4,10.3,sandc001
"Bido, Osvaldo",674370,2026,6.27,13,56,2,0,0.344,0.377,13.6,12.3,23.4,41.1,8.9,bidoo001
"Banks, Tanner",621383,2026,7.14,23,87,0,4,0.423,0.323,21.9,8.9,23.2,33.7,7.0,bankt001
"Rocker, Kumar",677958,2026,4.46,60,363,4,10,0.331,0.333,20.6,9.1,25.8,40.6,7.9,rockk001
"Chivilli, Angel",683409,2026,3.78,7,50,1,1,0.321,0.309,21.9,9.6,32.6,38.8,6.3,chiva001
"Enns, Dietrich",608650,2026,3.94,7,48,3,0,0.306,0.301,18.6,15.7,23.1,39.1,6.5,ennsd001
"Skenes, Paul",694973,2026,3.95,61,417,9,11,0.295,0.277,29.8,7.2,28.5,39.0,7.4,skenp001
"Griffin, Foster",656492,2026,3.18,51,433,14,4,0.301,0.315,22.2,5.9,23.7,38.1,9.2,griff001
"Gibson, Cade",806188,2026,5.66,22,105,2,0,0.337,0.307,18.4,10.4,21.5,39.1,2.7,gibsc001
"Kerr, Ray",678061,2026,0.0,0,7,0,0,0.18,0.283,0.0,0.0,20.0,22.2,0.0,kerrr001
"Pearson, Nate",663878,2026,2.73,9,89,2,1,0.267,0.319,20.0,12.8,22.7,37.0,7.5,pearn001
"Bibee, Tanner",676440,2026,4.01,67,451,4,13,0.304,0.32,19.1,7.0,23.8,39.3,8.3,bibet001
"Graceffo, Gordon",700669,2026,3.16,22,188,7,1,0.268,0.343,15.3,11.6,17.6,45.6,10.0,gracg001
"Kahnle, Tommy",592454,2026,8.0,8,27,0,0,0.434,0.381,11.6,14.0,17.4,56.3,15.6,kahnt001
"Pivetta, Nick",601713,2026,4.5,8,48,1,2,0.248,0.212,36.4,9.1,26.1,30.6,2.8,piven001
"Rashi, Taylor",688497,2026,9.82,4,11,1,0,0.345,0.359,19.2,11.5,33.3,50.0,5.6,rasht001
"Wilson, Bryse",669060,2026,4.4,14,86,0,0,0.334,0.314,20.2,1.6,17.8,46.3,3.2,wilsb003
"Gilbert, Logan",669302,2026,3.35,56,451,10,7,0.283,0.298,26.4,6.2,29.8,41.8,10.1,gilbl002
"Zimmermann, Bruce",669145,2026,5.4,3,15,0,0,0.34,0.261,9.5,4.8,10.3,27.8,0.0,zimmb002
"Morán, Jovani",663558,2026,3.06,18,159,2,3,0.267,0.277,26.9,11.6,32.3,29.0,6.9,moraj003
"Coulombe, Danny",543056,2026,4.5,11,66,0,2,0.299,0.321,10.4,15.6,17.1,21.4,1.4,could001
"Harris, Hogan",663687,2026,3.79,23,164,3,2,0.325,0.301,28.5,13.8,25.9,32.1,5.7,harrh002
"Payamps, Joel",606303,2026,8.22,7,23,0,2,0.405,0.377,25.0,11.1,22.9,39.1,17.4,payaj001
"Buttó, José",676130,2026,22.5,5,6,0,0,0.676,0.494,31.3,25.0,40.9,42.9,14.3,buttj001
"Matz, Steven",571927,2026,6.17,45,197,5,4,0.339,0.352,17.4,7.4,21.1,35.2,12.4,matzs001
"Del Castillo, Adrian",680728,2026,5.4,1,5,0,0,0.429,0.551,0.0,0.0,0.0,66.7,11.1,delca001
"Rogers, Tyler",643511,2026,1.54,10,175,2,2,0.238,0.254,12.1,8.3,14.1,27.5,1.1,roget002
"Cameron, Noah",702070,2026,4.16,64,415,7,8,0.3,0.315,21.7,7.4,26.4,38.2,8.1,camen001
"Williams, Devin",642207,2026,4.66,20,116,3,2,0.337,0.282,28.7,11.8,34.9,29.2,4.7,willd004
"Waldron, Matt",663362,2026,7.54,31,111,1,2,0.392,0.3,18.3,5.9,16.8,38.1,6.3,waldm003
"Sheehan, Emmet",686218,2026,5.29,56,286,4,8,0.345,0.308,26.2,7.3,30.8,39.1,10.5,sheee001
"Valdez, Framber",664285,2026,4.35,67,416,8,8,0.32,0.324,18.1,8.8,20.6,43.7,6.2,valdf001
"Zeferjahn, Ryan",666171,2026,4.11,26,171,4,3,0.297,0.281,32.7,13.5,33.3,36.8,6.5,zefer001
"Stewart, Brock",592779,2026,2.3,4,47,0,1,0.199,0.214,27.6,8.6,30.6,21.6,2.7,stewb001
"Raquet, Nick",675919,2026,7.36,3,11,0,0,0.372,0.416,5.9,11.8,6.3,30.8,7.7,raqun001
"Strider, Spencer",675911,2026,5.31,23,117,4,2,0.355,0.29,27.9,12.1,30.7,36.7,11.2,stris002
"Irvin, Cole",608344,2026,9.0,6,18,0,1,0.395,0.39,16.7,10.0,18.2,52.4,9.5,irvic001
"Edwards Jr., Carl",605218,2026,1.5,1,18,0,0,0.265,0.258,44.0,16.0,51.2,40.0,10.0,edwac001
"Matthews, Zebby",805673,2026,5.12,55,290,7,8,0.343,0.332,19.8,7.6,21.3,42.7,11.6,mattz001
"Gage, Matt",657424,2026,5.6,17,82,4,1,0.376,0.352,17.5,13.5,24.4,31.4,10.5,gagem001
"Morgan, Eli",669212,2026,5.12,11,58,0,1,0.396,0.399,17.6,9.9,24.1,42.2,6.3,morge001
"Alexander, Jason",669920,2026,9.33,19,55,1,1,0.391,0.332,16.7,9.5,20.3,37.7,10.0,alexj001
"Bellozo, Valente",678368,2026,7.59,9,32,0,1,0.42,0.475,16.7,14.6,29.5,50.0,15.6,bellv001
"Beeter, Clayton",690925,2026,3.55,15,114,5,3,0.291,0.321,24.4,15.2,28.5,42.3,6.3,beetc001
"Saucedo, Tayler",642048,2026,5.79,6,28,0,1,0.337,0.313,29.3,4.9,38.5,42.3,11.5,sauct001
"Hamilton, Ian",641656,2026,7.71,4,14,0,0,0.355,0.342,17.4,13.0,28.6,50.0,0.0,hamii001
"Cruz, Steven",674444,2026,4.37,23,142,2,3,0.327,0.311,26.0,9.2,28.5,34.4,11.2,cruzs001
"Kirby, George",669923,2026,3.89,59,410,8,9,0.337,0.309,19.9,5.6,21.6,42.4,6.9,kirbg001
"Peterson, David",656849,2026,5.29,66,337,7,7,0.335,0.34,18.7,9.3,21.4,41.2,6.4,peted003
"Mayza, Tim",641835,2026,3.51,22,169,3,3,0.281,0.279,25.0,6.3,24.3,43.8,7.2,mayzt001
"Nola, Aaron",605400,2026,5.12,78,411,5,9,0.357,0.315,24.6,7.8,28.1,42.0,9.5,nolaa001
"Sewald, Paul",623149,2026,5.93,27,123,2,5,0.332,0.32,27.1,5.3,28.2,40.7,15.0,sewap001
"Mahle, Tyler",641816,2026,4.53,57,340,4,10,0.324,0.315,22.8,8.5,22.7,37.8,7.5,mahlt001
"Castaño, Blas",680604,2026,3.92,9,62,1,0,0.377,0.367,20.0,7.1,19.7,50.0,10.2,castb003
"Pérez, Cionel",672335,2026,4.97,23,125,4,3,0.331,0.346,22.7,8.8,25.2,50.0,13.0,perec004
"France, J.P.",641585,2026,8.1,6,20,0,0,0.358,0.42,12.9,16.1,15.1,42.9,14.3,franj006
"Corniell, Jose",692030,2026,20.77,10,13,0,1,0.645,0.365,14.3,14.3,26.9,45.0,10.0,cornj003
"Fernandez, Ryan",681676,2026,2.7,4,40,1,2,0.287,0.291,33.9,11.9,36.0,34.4,6.3,fernr001
"Devenski, Chris",606965,2026,7.71,2,7,0,0,0.467,0.297,25.0,0.0,21.1,55.6,22.2,devec001
"Lauer, Eric",641778,2026,4.79,55,310,8,6,0.333,0.332,15.8,7.3,19.0,35.2,10.8,lauee001
"Cleavinger, Garrett",664076,2026,3.96,16,109,4,4,0.317,0.309,30.6,10.8,29.3,41.1,7.8,cleag001
"Barco, Hunter",682995,2026,7.64,15,53,0,1,0.41,0.381,16.1,14.9,16.3,43.1,7.0,barch001
"Phillips, Evan",623465,2026,5.27,8,41,0,2,0.347,0.332,23.3,6.7,23.9,38.1,14.3,phile001
"Simpson, Josh",681006,2026,9.82,8,22,0,0,0.482,0.369,26.3,10.5,20.3,43.5,17.4,simpj001
"Littell, Zack",641793,2026,5.07,68,362,8,8,0.351,0.376,13.9,7.1,16.5,43.7,10.6,littz001
"Martin, Chris",455119,2026,9.0,14,42,1,1,0.479,0.408,13.6,3.0,15.9,44.4,11.1,martc007
"Wiemer, Joey",686894,2026,22.5,5,6,0,0,0.618,0.473,0.0,12.5,0.0,30.8,7.7,wiemj001
"Sale, Chris",519242,2026,2.16,31,387,12,8,0.26,0.272,30.9,5.4,30.0,34.5,5.6,salec001
"De Los Santos, Enyel",660853,2026,4.14,27,176,2,3,0.298,0.285,22.1,5.4,28.2,36.2,5.2,deloe001
"Peralta, Sammy",671111,2026,7.94,5,17,0,1,0.476,0.413,32.1,10.7,22.0,42.9,14.3,peras001
"Bradley, Taj",671737,2026,3.9,61,422,9,5,0.303,0.307,26.4,10.4,26.0,44.9,9.3,bradt002
"Jones, Jared",683003,2026,4.78,34,192,2,5,0.317,0.297,26.8,7.8,31.0,39.1,8.6,jonej008
"Garcia, Brandyn",805299,2026,2.48,10,109,0,1,0.225,0.235,30.4,6.5,26.8,33.7,4.8,garcb002
"Curvelo, Luis",681168,2026,9.58,11,31,0,0,0.469,0.387,11.1,11.1,21.8,50.0,9.5,curvl001
"Soriano, José",667755,2026,3.23,50,418,10,6,0.291,0.326,23.5,10.7,30.8,38.7,8.0,sorij002
"VanWey, Logan",701121,2026,1.5,1,18,1,0,0.212,0.239,22.7,0.0,25.0,41.2,5.9,vanwl001
"Whitlock, Garrett",676477,2026,2.05,10,132,6,1,0.234,0.247,29.2,4.2,29.8,33.9,3.6,whitg002
"Miller, Mason",695243,2026,0.86,5,157,4,1,0.182,0.188,47.7,9.5,47.0,27.7,3.6,millm004
"Dobbins, Hunter",690928,2026,3.42,19,150,3,3,0.313,0.3,23.1,9.9,22.9,38.6,6.4,dobbh001
"Leiter Jr., Mark",643410,2026,4.28,16,101,0,1,0.304,0.316,26.4,7.6,30.3,31.9,3.3,leitm002
"Tolle, Payton",801139,2026,3.08,41,360,8,6,0.282,0.255,27.7,6.8,27.1,33.5,6.5,tollp001
"Burke, Sean",680732,2026,3.15,49,420,7,6,0.292,0.294,27.0,7.4,25.8,36.9,7.7,burks001
"Barnes, Charlie",656212,2026,6.92,10,39,0,1,0.402,0.404,9.5,11.1,15.1,46.9,8.2,barnc002
"Manaea, Sean",640455,2026,4.22,52,333,4,5,0.341,0.327,23.5,7.7,23.1,41.8,9.5,manas001
"Peralta, Freddy",642547,2026,5.27,75,384,5,10,0.348,0.312,21.5,9.2,26.4,39.4,6.1,peraf001
"deGrom, Jacob",594798,2026,3.95,53,362,8,8,0.285,0.294,30.3,6.2,33.5,45.9,8.8,degrj001
"Ribalta, Orlando",687377,2026,3.41,14,111,0,2,0.279,0.294,22.6,9.0,26.3,34.0,7.5,ribao001
"Kikuchi, Yusei",579328,2026,5.81,20,93,0,3,0.346,0.34,23.2,9.9,25.9,42.6,8.5,kikuy001
"Bradish, Kyle",680694,2026,3.65,54,399,7,11,0.323,0.318,22.0,10.2,24.3,38.2,8.0,bradk001
"Mey, Luis",682825,2026,3.44,7,55,0,0,0.295,0.318,37.0,14.8,36.6,44.4,12.1,mey-l001
"Peralta, Wandy",593974,2026,3.48,24,186,2,2,0.332,0.314,14.9,8.4,21.9,33.3,3.5,peraw002
"Ragans, Cole",666142,2026,4.84,19,106,1,4,0.354,0.344,29.8,15.2,31.7,39.8,15.7,ragac001
"Winn, Cole",668390,2026,5.93,29,132,5,3,0.348,0.336,21.3,7.6,27.1,42.4,6.5,winnc001
"Treinen, Blake",595014,2026,3.52,9,69,4,1,0.312,0.348,25.0,10.0,25.7,42.2,12.7,treib001
"Gasser, Robert",688107,2026,4.54,37,220,3,5,0.335,0.317,21.6,6.6,22.2,35.1,6.5,gassr001
"Buehler, Walker",621111,2026,4.79,64,361,7,6,0.325,0.318,20.1,9.5,20.4,38.9,8.1,buehw001
"Liberatore, Matthew",669461,2026,5.04,70,375,5,11,0.349,0.336,23.1,8.1,23.4,41.7,9.0,libem001
"Santos, Gregory",666619,2026,3.6,2,15,0,0,0.363,0.376,4.5,13.6,8.1,55.6,0.0,santg001
"Pérez, Eury",691587,2026,3.23,44,368,6,9,0.285,0.296,26.9,9.9,28.6,39.8,9.2,peree004
"Sears, JP",676664,2026,4.68,17,98,3,4,0.328,0.345,17.5,7.7,20.7,45.2,8.7,searj001
"Miller, Bryce",682243,2026,3.71,37,269,4,7,0.292,0.271,24.6,5.1,25.9,33.1,7.3,millb004
"Borucki, Ryan",621366,2026,4.94,13,71,1,1,0.364,0.31,14.4,8.7,28.2,39.7,5.1,borur001
"Barnett, Mason",686930,2026,7.08,32,122,1,4,0.388,0.349,20.5,13.0,22.2,37.2,9.9,barnm002
"Wesneski, Hayden",669713,2026,5.16,13,68,2,1,0.333,0.325,18.9,7.4,27.4,42.0,7.2,wesnh001
"Lopez, Jacob",682052,2026,5.22,51,264,5,4,0.347,0.288,20.5,11.6,24.4,28.9,5.3,lopej007
"Lowder, Rhett",695076,2026,5.17,58,303,4,8,0.338,0.346,18.1,9.3,19.9,37.8,9.6,lowdr001
"Weissert, Greg",669711,2026,4.1,22,145,3,2,0.316,0.302,23.0,7.8,23.3,33.3,6.5,weisg001
"Kranick, Max",668820,2026,6.39,9,38,0,0,0.409,0.345,11.5,9.8,27.0,29.8,6.4,kranm001
"Klein, Will",694361,2026,3.67,17,125,3,4,0.318,0.288,25.9,11.1,23.9,37.9,2.6,kleiw001
"De los Santos, Yerry",660787,2026,0.64,1,42,1,0,0.245,0.293,19.0,8.6,16.5,40.5,0.0,deloy001
"Keller, Mitch",656605,2026,5.29,68,347,6,8,0.333,0.355,17.7,8.3,20.5,42.3,7.4,kellm003
"Joyce, Ben",690829,2026,0.0,0,18,0,0,0.084,0.122,42.1,5.3,36.8,20.0,0.0,joycb001
"Scott, Christian",681035,2026,3.51,33,254,4,3,0.304,0.304,28.6,9.5,26.6,34.7,6.8,scotc001
"Suter, Brent",608718,2026,3.91,31,214,1,2,0.324,0.32,19.7,7.0,22.4,32.1,6.5,suteb001
"Richards, Trevor",670950,2026,3.24,21,175,0,1,0.279,0.304,22.6,7.8,23.6,40.2,7.7,richt001
"Boyd, Matthew",571510,2026,4.02,38,255,8,2,0.32,0.341,19.2,7.3,22.3,37.9,10.3,boydm001
"Kelly, Kevin",687330,2026,1.86,12,174,5,3,0.235,0.292,20.9,4.2,19.8,44.3,5.8,kellk004
"Williams, Trevor",592866,2026,1.84,3,44,0,0,0.296,0.253,32.2,5.1,24.6,33.3,5.6,willt002
"Eovaldi, Nathan",543135,2026,4.21,62,398,10,9,0.322,0.316,24.7,5.8,30.5,41.5,8.7,eovan001
"Akin, Keegan",669211,2026,5.68,16,76,0,1,0.337,0.298,14.9,7.9,19.3,28.4,5.8,akink001
"Wicks, Jordan",696136,2026,10.45,12,31,0,2,0.422,0.322,16.0,4.0,23.9,43.6,7.7,wickj001
"Agnos, Zach",688642,2026,5.53,44,215,0,2,0.344,0.354,14.6,7.9,21.2,41.4,7.9,agnoz001
"Brebbia, John",605154,2026,10.38,5,13,0,0,0.425,0.414,9.5,0.0,17.0,42.1,10.5,brebj001
"Kay, Anthony",641743,2026,4.01,54,364,9,5,0.332,0.337,18.4,8.0,23.5,39.7,8.2,kay-a001
"Holderman, Colin",670059,2026,2.39,13,147,6,3,0.233,0.296,23.1,8.5,27.6,42.5,7.9,holdc001
"Roberts, Ethan",681799,2026,4.21,12,77,0,2,0.331,0.342,15.5,12.7,22.6,44.7,3.9,robee001
"Blanco, Ronel",669854,2026,7.71,20,70,0,1,0.386,0.354,19.8,11.9,25.8,36.8,11.8,blanr001
"Ryan, Joe",657746,2026,3.65,51,377,6,8,0.299,0.29,26.4,5.2,25.5,42.2,10.5,ryanj002
"Imanaga, Shota",684007,2026,3.77,60,430,8,9,0.307,0.302,24.2,5.5,29.4,35.4,10.0,imans001
"Little, Brendon",663893,2026,9.0,17,51,0,3,0.461,0.335,28.6,20.2,37.5,46.5,9.3,littb002
"Rangel, Alan",660604,2026,5.88,17,78,0,3,0.377,0.317,23.6,10.6,24.4,30.4,5.1,ranga001
"Muñoz, Rolddy",691548,2026,13.5,3,6,0,0,0.525,0.428,25.0,8.3,33.3,62.5,25.0,munor002
"Castillo, Luis",622491,2026,4.99,64,346,4,9,0.337,0.337,20.1,7.1,24.9,41.8,9.9,castl003
"Johnson, Ryan",696270,2026,6.41,43,181,2,7,0.37,0.359,17.3,10.7,23.2,37.5,11.5,johnr010
"Hiraldo, Yaramil",682274,2026,5.87,5,23,1,0,0.384,0.295,35.1,16.2,44.0,35.3,11.8,hiray002
"Finnegan, Kyle",640448,2026,3.27,19,157,2,0,0.356,0.348,17.7,13.7,25.9,43.5,9.1,finnk001
"Henry, Cole",669371,2026,7.9,12,41,0,2,0.409,0.374,21.1,11.3,23.3,40.9,13.6,henrc001
"Meyer, Max",676974,2026,2.68,33,333,9,1,0.282,0.304,26.2,8.9,28.6,42.0,8.6,meyem001
"Martin, Davis",663436,2026,4.32,60,375,9,6,0.324,0.333,20.9,7.4,24.0,44.4,6.8,martd006
"Horton, Cade",690990,2026,2.45,2,22,1,0,0.235,0.283,15.4,7.7,23.3,35.0,5.3,hortc001
"Newcomb, Sean",656794,2026,2.44,19,210,1,3,0.265,0.304,22.6,9.5,24.4,37.1,5.4,newcs001
"Seymour, Carson",693313,2026,6.23,9,39,0,0,0.373,0.39,17.5,9.5,23.1,40.0,8.9,seymc001
"Rutledge, Jackson",671131,2026,47.25,7,4,0,0,0.651,0.418,16.7,16.7,34.8,37.5,12.5,rutlj002
"Ashcraft, Braxton",677952,2026,3.68,61,448,13,5,0.292,0.285,26.4,5.5,25.8,41.4,6.7,ashcb001
"Vivas, Jorbit",678391,2026,16.88,5,8,0,0,0.601,0.542,0.0,5.6,0.0,53.3,25.0,vivaj001
"Anderson, Drew",623454,2026,4.01,34,229,4,4,0.318,0.292,26.5,9.1,28.4,37.7,8.3,anded003
"Woodford, Jake",663765,2026,7.18,21,79,1,0,0.384,0.369,18.3,5.6,19.5,49.0,8.3,woodj003
"Falter, Bailey",663559,2026,13.97,15,29,0,2,0.549,0.415,10.5,10.5,20.0,44.4,6.7,faltb001
"Webb, Logan",657277,2026,3.5,54,417,8,7,0.268,0.295,19.6,5.7,20.8,38.0,5.1,webbl001
"Hill, Jaden",677955,2026,4.88,15,83,0,2,0.33,0.309,23.1,13.1,30.5,39.2,3.8,hillj002
"Kilian, Caleb",668873,2026,4.91,26,143,4,7,0.302,0.292,26.8,10.5,27.9,34.9,8.6,kilic001
"O'Brien, Riley",676617,2026,2.96,17,155,3,4,0.27,0.325,24.3,10.1,26.8,40.6,6.8,obrir001
"Soriano, George",666277,2026,3.58,22,166,6,3,0.307,0.324,23.8,10.9,30.6,41.8,9.7,sorig001
"Adam, Jason",592094,2026,2.51,9,97,2,2,0.309,0.288,16.4,6.0,28.6,36.3,6.9,adamj002
"Barlow, Scott",605130,2026,6.48,24,100,2,0,0.341,0.358,19.0,13.1,33.1,36.1,9.3,barls001
"Estrada, Lazaro",681751,2026,5.54,8,39,1,1,0.294,0.333,15.8,17.5,23.8,40.5,8.1,estrl002
"Minter, A.J.",621345,2026,1.99,7,95,2,2,0.276,0.285,20.0,3.2,23.2,30.5,9.5,minta001
"Boyle, Joe",671212,2026,5.21,11,57,0,1,0.262,0.308,25.9,11.1,24.2,39.2,4.0,boylj001
"Smith, Burch",572143,2026,3.18,6,51,0,2,0.353,0.287,27.4,9.6,22.7,47.8,4.4,smitb005
"Nicolas, Kyle",693312,2026,8.59,7,22,1,0,0.422,0.434,16.7,31.0,23.7,31.8,5.0,nicok001
"Morejon, Adrian",670970,2026,2.78,21,204,9,2,0.253,0.244,29.7,6.8,34.4,32.4,2.3,morea001
"Ramírez, Yohan",670990,2026,3.03,23,205,6,3,0.288,0.289,26.7,13.9,27.2,30.1,4.8,ramiy002
"Gonzales, Marco",594835,2026,1.35,1,20,0,0,0.324,0.267,10.3,13.8,17.3,22.7,4.5,gonzm005
"Knack, Landon",689017,2026,5.87,5,23,0,0,0.407,0.34,17.1,5.7,21.7,46.2,15.4,knacl001
"Marinaccio, Ron",676760,2026,6.09,39,173,1,0,0.371,0.347,18.5,10.4,25.3,41.0,7.9,marir001
"Montero, Keider",672456,2026,3.3,49,401,9,8,0.265,0.29,16.6,5.6,18.6,37.5,7.3,montk001
"Arrighetti, Spencer",681293,2026,4.6,45,264,7,5,0.321,0.345,22.5,13.0,25.4,30.6,7.7,arris001
"Cosgrove, Tom",676680,2026,3.75,5,36,0,2,0.337,0.263,18.2,5.5,12.6,34.1,4.9,cosgt001
"Springs, Jeffrey",605488,2026,6.02,76,341,3,11,0.37,0.344,17.7,9.3,23.3,35.3,9.7,sprij001
"Fisher, Braydon",680755,2026,3.52,25,192,3,4,0.294,0.312,22.3,13.1,26.9,37.0,10.3,fishb002
"Anderson, Grant",681982,2026,3.51,20,154,3,3,0.298,0.274,22.4,10.0,25.7,37.8,7.4,andeg002
"Hentges, Sam",656529,2026,3.07,10,88,1,5,0.307,0.299,23.7,15.8,28.0,29.6,3.7,hents001
"Crochet, Garrett",676979,2026,6.3,21,90,3,3,0.358,0.344,26.8,8.0,24.0,45.3,10.7,crocg001
"Canning, Griffin",656288,2026,6.5,52,216,3,9,0.361,0.332,22.6,10.3,25.3,47.1,9.5,canng001
"Orze, Eric",679358,2026,5.66,26,124,2,2,0.318,0.313,19.0,11.1,21.8,29.2,7.0,orzee001
"Early, Connelly",813349,2026,3.44,35,275,7,5,0.319,0.32,23.8,8.7,23.7,40.9,10.6,earlc001
"Woo, Bryan",693433,2026,4.1,63,415,9,8,0.284,0.293,24.3,5.2,24.8,43.3,6.9,woo-b001
"Whisenhunt, Carson",687931,2026,7.03,25,96,3,4,0.382,0.378,15.0,13.1,28.0,47.7,8.3,whisc001
"Singer, Brady",663903,2026,4.66,65,377,5,11,0.351,0.343,18.4,7.4,24.8,40.8,9.5,singb001
"Farris, Mitch",815083,2026,4.18,22,142,1,3,0.365,0.351,24.0,11.3,27.7,48.8,8.5,farrm001
"Mejia, Juan",675848,2026,5.85,34,157,3,6,0.341,0.336,20.8,12.5,25.3,38.0,3.8,mejij003
"Glasnow, Tyler",607192,2026,2.72,12,119,3,0,0.235,0.252,33.1,8.8,29.8,38.4,8.1,glast001
"Rasmussen, Drew",656876,2026,3.01,45,403,13,5,0.255,0.275,26.1,4.7,25.0,32.9,6.1,rasmd002
"Mushinski, Parker",656786,2026,2.7,2,20,1,0,0.36,0.39,0.0,14.7,12.1,37.9,3.4,mushp001
"Phillips, Tyler",663969,2026,3.67,41,302,3,6,0.321,0.336,18.2,9.7,25.8,44.3,8.1,philt002
"Scholtens, Jesse",669947,2026,4.03,20,134,5,3,0.348,0.348,17.3,7.1,20.6,35.2,10.3,schoj002
"Blackburn, Paul",621112,2026,1.8,14,210,4,2,0.255,0.291,20.8,9.9,22.9,33.3,5.8,blacp001
"Foley, Jason",671345,2026,4.66,5,29,0,1,0.305,0.283,14.3,11.9,17.5,29.0,6.5,folej001
"Hader, Josh",623352,2026,0.87,3,93,4,1,0.181,0.225,35.0,9.4,36.5,33.8,7.7,hadej001
"Anderson, Shaun",641312,2026,7.65,17,60,2,0,0.38,0.391,18.3,10.8,26.6,38.5,9.2,andes002
"Duarte, Daniel",650960,2026,0.84,2,64,1,0,0.169,0.241,25.0,6.6,22.9,21.6,5.9,duard001
"Seabold, Connor",657756,2026,5.25,14,72,1,0,0.351,0.308,17.7,8.0,20.0,37.0,6.3,seabc001
"Eflin, Zach",621107,2026,2.45,1,11,0,0,0.381,0.307,41.2,11.8,35.3,75.0,25.0,efliz001
"García, Luis",472610,2026,9.0,15,45,0,1,0.415,0.397,8.1,8.1,20.9,44.3,5.2,garcl005
"Fuentes, Didier",800311,2026,2.65,16,163,5,1,0.263,0.27,32.3,6.6,30.9,37.5,6.7,fuend001
"Chapman, Aroldis",547973,2026,1.94,9,125,2,4,0.275,0.263,30.3,10.9,28.5,37.3,7.8,chapa001
"Aldegheri, Sam",691951,2026,5.08,19,101,3,4,0.319,0.355,14.6,11.3,20.4,35.1,9.0,aldes001
"Ginn, J.T.",669372,2026,3.53,50,382,8,7,0.294,0.308,21.4,9.9,27.3,35.2,5.6,ginnj001
"Beck, Tristan",663941,2026,7.07,11,42,0,0,0.367,0.33,9.4,7.8,17.4,40.4,9.6,beckt002
"Quintana, Jose",500779,2026,5.27,24,123,2,3,0.364,0.343,11.0,9.4,21.1,32.9,8.4,quinj001
"Basso, Brady",669620,2026,3.91,10,69,0,0,0.341,0.297,19.0,3.0,21.2,41.0,6.4,bassb002
"Velasquez, Vince",592826,2026,0.0,0,10,0,0,0.115,0.154,9.1,0.0,14.3,30.0,0.0,velav001
"Alcantara, Sandy",645261,2026,3.46,68,530,13,8,0.294,0.297,18.0,6.5,21.1,35.2,5.4,alcas001
"Greene, Hunter",668881,2026,6.83,21,83,2,2,0.322,0.325,27.3,7.4,27.2,46.8,5.1,greeh001
"Perkins, Jack",678022,2026,6.96,66,256,2,9,0.359,0.316,25.3,8.5,27.0,37.6,8.9,perkj001
"Soto, Gregory",642397,2026,3.48,21,163,5,3,0.279,0.268,29.1,9.7,28.6,35.1,5.2,sotog003
"Megill, Trevor",656730,2026,2.44,13,144,2,2,0.19,0.253,29.1,6.3,32.4,42.1,5.8,megit001
"Laweryson, Cody",689520,2026,4.86,9,50,1,0,0.32,0.329,23.1,10.3,20.3,50.0,8.2,lawec001
"Ponce, Cody",664074,2026,3.86,1,7,0,0,0.196,0.243,30.0,10.0,51.7,33.3,0.0,poncc002
"Dollander, Chase",801403,2026,3.89,19,132,3,3,0.32,0.307,24.9,9.5,28.0,52.1,9.9,dollc001
"Grove, Michael",675627,2026,5.14,4,21,1,0,0.36,0.423,21.4,0.0,28.9,36.4,18.2,grovm001
"McLean, Nolan",690997,2026,3.34,53,428,9,8,0.291,0.298,27.3,9.1,24.6,35.7,6.9,mclen001
"Burns, Chase",695505,2026,2.51,38,408,14,2,0.274,0.27,29.0,8.8,31.7,36.9,7.6,burnc003
"Muñoz, Andrés",662253,2026,4.27,22,139,5,5,0.285,0.28,37.4,9.2,40.3,41.7,8.7,munoa002
"Dodd, Dylan",689266,2026,2.27,10,119,3,1,0.242,0.267,27.3,7.8,28.1,35.7,7.1,doddd001
"Pagán, Emilio",641941,2026,4.3,14,88,5,1,0.303,0.299,25.2,7.3,28.7,48.1,10.1,pagae001
"Suarez, José",660761,2026,5.22,34,176,1,4,0.343,0.302,23.3,9.7,26.7,32.4,2.4,suarj001
"Young, Danny",664849,2026,8.03,11,37,0,1,0.448,0.391,23.1,20.0,24.7,61.8,17.6,yound005
"Holton, Tyler",663947,2026,3.07,20,176,1,5,0.321,0.294,19.1,5.7,22.8,38.1,6.1,holtt002
"Cecconi, Slade",677944,2026,5.07,62,330,4,7,0.351,0.338,18.0,7.6,20.3,40.0,8.9,ceccs001
"Pfaadt, Brandon",694297,2026,3.39,37,295,7,1,0.291,0.293,17.1,6.0,21.6,35.0,7.2,pfaab001
"Melton, Troy",675512,2026,1.71,16,253,7,1,0.255,0.272,22.2,7.6,25.9,34.9,5.2,meltt001
"Slaten, Justin",686580,2026,4.6,16,94,2,4,0.323,0.266,28.5,5.8,25.2,36.7,4.4,slatj002
"Yesavage, Trey",702056,2026,3.65,38,281,5,5,0.28,0.285,23.6,11.9,30.0,34.0,6.1,yesat001
"Walker, Taijuan",592836,2026,9.13,23,68,1,4,0.455,0.411,14.8,9.6,16.8,36.0,12.9,walkt004
"Granillo, Andre",701552,2026,9.64,10,28,0,0,0.427,0.394,6.0,16.0,9.5,39.5,13.2,grana001
"Jameson, Drey",686753,2026,4.67,9,52,0,0,0.319,0.322,17.1,11.8,29.3,28.3,5.7,jamed003
"Paddack, Chris",663978,2026,6.79,43,171,0,7,0.37,0.342,15.0,7.1,21.4,36.9,8.4,paddc001
"Stratton, Hunter",676702,2026,5.4,2,10,0,0,0.381,0.383,20.0,0.0,16.7,25.0,0.0,strah001
"King, Bryan",687911,2026,4.01,23,155,2,3,0.34,0.317,18.5,8.0,18.4,37.3,6.0,kingb001
"Martinez, Nick",607259,2026,3.05,48,425,12,4,0.301,0.326,14.5,3.8,17.3,33.0,7.3,martn002
"Bassitt, Chris",605135,2026,5.08,38,202,4,4,0.361,0.345,14.9,8.4,20.9,35.8,4.4,bassc001
"Zuñiga, Guillo",670871,2026,0.0,0,3,0,0,0.174,0.187,25.0,25.0,25.0,0.0,0.0,zunig001
"Stock, Robert",476594,2026,5.4,10,50,0,2,0.35,0.331,23.5,13.6,26.8,27.1,10.4,stocr001
"Strahm, Matt",621381,2026,7.32,29,107,3,4,0.388,0.316,18.6,8.7,23.2,39.1,11.3,stram001
"Gómez, Yoendrys",672782,2026,3.2,20,169,2,2,0.299,0.342,21.4,11.9,24.9,44.1,8.8,gomey002
"Díaz, Edwin",621242,2026,11.85,18,41,2,2,0.468,0.378,24.1,12.7,22.3,53.2,8.7,diaze006
"Kriske, Brooks",621139,2026,0.0,0,8,0,0,0.178,0.244,20.0,0.0,22.2,37.5,12.5,krisb001
"Gausman, Kevin",592332,2026,4.58,73,430,6,11,0.316,0.31,23.5,6.6,27.4,39.3,7.3,gausk001
"Hartlieb, Geoff",664129,2026,6.08,9,40,1,1,0.392,0.327,9.4,14.1,24.5,40.8,8.2,hartg001
"Palmquist, Carson",687223,2026,7.71,14,49,0,2,0.378,0.337,19.2,10.3,22.5,23.1,3.8,palmc001
"Uribe, Abner",682842,2026,2.05,11,145,4,2,0.238,0.26,25.1,9.4,26.4,31.5,1.6,uriba001
"Herrin, Tim",682120,2026,3.59,17,128,1,4,0.322,0.313,20.7,13.0,31.1,37.6,8.5,herrt002
"Pérez, Martín",527048,2026,3.15,39,334,8,7,0.29,0.322,18.2,9.9,21.6,37.2,5.2,perem004
"Espada, Jose",664744,2026,0.0,0,3,0,0,0.445,0.34,0.0,0.0,14.3,50.0,0.0,espaj001
"Weathers, Ryan",677960,2026,3.56,53,402,5,7,0.302,0.316,25.4,6.9,27.0,41.1,8.4,weatr001
"Bender, Anthony",669622,2026,2.62,10,103,1,1,0.224,0.254,29.3,8.6,24.0,33.3,7.1,benda001
"Garcia, Robert",676395,2026,3.38,3,24,0,1,0.285,0.333,17.6,20.6,30.6,33.3,0.0,garcr008
"Petersen, Michael",656848,2026,3.61,21,157,2,3,0.277,0.288,29.1,10.3,29.3,41.3,11.1,petem001
"Rodríguez, Yariel",684320,2026,7.71,8,28,0,1,0.422,0.402,13.3,15.6,15.7,32.3,12.9,rodry003
"Ferguson, Tyler",621053,2026,5.29,10,51,0,1,0.328,0.332,28.6,2.9,31.0,46.7,17.8,fergt001
"Morales, Luis",806960,2026,13.5,24,48,0,2,0.498,0.408,14.4,15.6,18.5,40.3,11.3,moral001
"Krook, Matt",640454,2026,10.8,10,25,0,1,0.423,0.417,19.6,21.7,25.7,36.0,4.0,kroom002
"Lord, Brad",695418,2026,4.04,28,187,5,2,0.293,0.32,21.2,9.3,20.5,40.6,6.2,lordb001
"Bowden, Ben",641386,2026,36.0,4,3,0,0,0.534,0.538,0.0,25.0,14.3,40.0,20.0,bowdb001
"Thielbar, Caleb",573204,2026,5.35,23,116,3,2,0.34,0.327,28.7,7.9,28.1,39.8,11.8,thiec001
"Henderson, Logan",701656,2026,2.7,19,190,7,2,0.262,0.256,31.3,5.0,28.1,37.5,8.6,hendl002
"Lazar, Max",676661,2026,5.63,5,24,0,0,0.363,0.33,14.3,8.6,19.4,40.7,11.5,lazam001
"Yarbrough, Ryan",642232,2026,3.57,18,136,2,1,0.284,0.278,17.6,9.3,23.8,22.8,3.4,yarbr001
"Cavalli, Cade",676917,2026,3.22,51,428,11,5,0.302,0.303,27.0,7.0,25.9,41.4,7.1,cavac001
"Kremer, Dean",665152,2026,5.4,32,160,2,4,0.335,0.315,24.4,7.4,28.4,33.8,7.4,kremd001
"Seymour, Ian",693855,2026,4.11,44,289,9,3,0.307,0.297,29.2,7.6,29.4,37.0,10.3,seymi001
"Kolek, Stephen",663568,2026,4.5,27,162,4,3,0.328,0.303,15.2,5.4,19.8,36.9,6.9,koles001
"Brown, Hunter",686613,2026,3.67,28,206,3,3,0.302,0.303,24.7,13.7,26.2,37.1,6.3,browh001
"Blubaugh, AJ",805123,2026,3.35,29,234,4,2,0.294,0.306,24.4,10.2,28.8,36.7,9.6,bluba001
"Woodruff, Brandon",605540,2026,2.98,15,136,2,2,0.231,0.263,27.0,5.7,23.6,34.5,7.8,woodb005
"Alvarado, Elvis",665660,2026,4.5,20,120,4,3,0.329,0.336,29.3,11.6,32.0,49.5,16.8,alvae002
"Smith, Shane",681343,2026,10.8,10,25,0,2,0.424,0.332,22.4,18.4,26.0,33.3,0.0,smits003
"Gilbert, Tyler",656457,2026,17.18,7,11,0,0,0.566,0.497,13.6,18.2,16.7,46.7,20.0,gilbt001
"Mantiply, Joe",573009,2026,2.04,4,53,1,0,0.29,0.332,22.5,5.6,16.8,44.0,10.0,mantj002
"Fluharty, Mason",689254,2026,3.71,21,153,5,1,0.291,0.259,26.3,9.4,28.5,32.4,7.4,fluhm001
"Morgan, David",688158,2026,4.5,11,66,2,0,0.371,0.284,24.8,12.4,32.0,27.0,1.6,morgd001
"Rodriguez, Grayson",680570,2026,7.17,47,177,3,5,0.361,0.364,20.5,10.1,24.1,46.5,9.9,rodrg003
"Blach, Ty",621389,2026,0.0,0,9,0,0,0.099,0.269,22.2,0.0,28.6,57.1,0.0,blact002
"Lovelady, Richard",663992,2026,3.86,13,91,2,4,0.371,0.361,18.5,14.4,22.9,32.6,6.5,lover001
"Pallante, Andre",669467,2026,3.57,54,408,12,6,0.298,0.305,17.2,7.3,21.4,34.5,5.3,palla001
"Curry, Xzavion",675540,2026,2.81,5,48,0,0,0.31,0.277,14.9,10.4,20.2,34.0,6.0,currx001
"Freeland, Kyle",607536,2026,6.37,88,373,4,10,0.371,0.346,18.6,5.1,22.5,42.4,10.6,freek001
"Iglesias, Raisel",628452,2026,3.15,16,137,1,2,0.292,0.284,26.7,7.3,30.6,36.8,9.7,igler001
"Hurter, Brant",676428,2026,2.84,8,76,4,1,0.25,0.304,17.8,11.9,20.5,32.9,4.3,hurtb001
"Ríos, Yacksel",605441,2026,0.0,0,5,0,0,0.0,0.335,40.0,0.0,33.3,33.3,0.0,riosy001
"Hicks, Jordan",663855,2026,3.32,14,114,2,1,0.294,0.268,26.8,14.9,25.2,33.0,1.0,hickj002
"Warren, Austin",681810,2026,4.5,18,108,1,3,0.343,0.344,24.4,11.3,26.9,42.0,13.3,warra003
"Raley, Brooks",548384,2026,2.25,12,144,5,5,0.275,0.286,24.6,8.2,23.8,30.5,5.5,raleb001
"Alvarado, José",621237,2026,6.0,30,135,3,3,0.351,0.303,26.5,10.4,29.4,28.0,4.8,alvaj004
"Hill, Tim",657612,2026,4.41,24,147,4,2,0.315,0.325,10.9,5.4,13.2,43.6,6.7,hillt002
"Patrick, Chad",694477,2026,3.39,33,263,6,4,0.295,0.307,22.2,9.5,26.2,36.8,6.0,patrc001
"Abbott, Andrew",671096,2026,4.07,63,418,6,8,0.317,0.331,17.9,10.9,22.4,38.2,7.7,abboa001
"Díaz, Yilber",700270,2026,37.8,7,5,0,0,0.717,0.559,20.0,13.3,17.2,40.0,20.0,diazy005
"Jax, Griffin",643377,2026,3.63,37,275,6,9,0.306,0.323,26.4,7.9,31.2,39.7,9.3,jax-g001
"Jobe, Jackson",695549,2026,4.5,7,42,1,1,0.353,0.378,18.0,8.2,19.5,40.5,12.2,jobej001
"Quantrill, Cal",615698,2026,3.13,27,233,5,4,0.286,0.312,16.7,6.8,18.5,34.4,7.5,quanc001
"Herget, Kevin",643361,2026,0.0,0,3,0,0,0.0,0.128,0.0,0.0,0.0,33.3,0.0,hergk001
"Muñoz, Roddery",682610,2026,15.75,7,12,0,0,0.585,0.44,24.0,24.0,43.5,76.9,15.4,munor001
"Kelly, Merrill",518876,2026,5.37,77,387,8,11,0.366,0.399,14.9,10.1,21.3,44.0,12.6,kellm002
"Palencia, Daniel",694037,2026,2.7,5,50,2,1,0.31,0.3,26.8,8.5,29.6,30.4,6.5,paled001
"Garrett, Braxton",666129,2026,14.54,7,13,0,1,0.475,0.386,17.9,28.6,23.5,26.7,14.3,garrb001
"Kinley, Tyler",641755,2026,4.01,19,128,6,5,0.324,0.287,23.5,11.2,28.0,28.7,7.9,kinlt001
"Dobnak, Randy",677976,2026,1.73,8,125,2,1,0.299,0.334,14.8,10.2,20.4,40.8,3.4,dobnr001
"Banda, Anthony",607455,2026,4.46,17,103,2,0,0.334,0.325,21.2,9.6,26.7,39.0,7.1,banda001
"Wolfram, Grant",664991,2026,5.54,23,112,4,2,0.336,0.296,26.0,7.5,25.0,35.1,6.4,wolfg001
"Manoah, Alek",666201,2026,9.82,8,22,0,0,0.402,0.379,12.8,20.5,19.7,34.6,11.5,manoa001
