"last_name, first_name",key_mlbam,year,batting_avg,slg_percent,on_base_percent,b_rbi,r_run,woba,xwoba,k_percent,bb_percent,hard_hit_percent,barrel_batted_rate,player_id
"Camargo, Jair",665856,2026,0.5,1.0,0.5,0,1,0.63,0.407,50.0,0.0,100.0,100.0,camaj002
"Yelich, Christian",592885,2026,0.23,0.373,0.312,44,52,0.302,0.311,27.0,9.8,43.8,10.4,yelic001
"Turner, Trea",607208,2026,0.248,0.396,0.3,49,84,0.305,0.298,21.6,6.4,40.0,6.2,turnt001
"Marsee, Jakob",805300,2026,0.205,0.311,0.322,29,60,0.292,0.3,21.2,12.8,34.3,3.6,marsj002
"Azócar, José",640492,2026,0.353,0.471,0.389,0,2,0.377,0.298,22.2,5.6,23.1,0.0,azocj001
"Jones, Jahmai",663330,2026,0.203,0.356,0.282,13,15,0.285,0.315,32.1,9.2,44.7,9.2,jonej007
"Lile, Daylen",695734,2026,0.241,0.401,0.29,65,62,0.3,0.312,19.6,5.5,37.0,8.5,liled001
"O'Hoppe, Logan",681351,2026,0.209,0.294,0.27,23,20,0.255,0.264,24.9,6.6,35.3,9.8,ohopl001
"Peraza, Oswald",672724,2026,0.228,0.352,0.278,24,28,0.279,0.272,29.6,4.0,37.6,6.9,perao002
"Hernández, Heriberto",681715,2026,0.229,0.448,0.305,51,35,0.326,0.342,28.2,9.4,49.3,12.4,hernh001
"Stowers, Kyle",669065,2026,0.242,0.462,0.327,52,44,0.341,0.331,31.3,9.5,55.0,11.4,stowk001
"Rave, John",670231,2026,0.194,0.403,0.254,5,10,0.284,0.303,23.2,7.2,31.3,12.5,ravej001
"Rooker, Brent",667670,2026,0.201,0.391,0.282,29,20,0.294,0.316,31.7,9.4,41.9,15.5,rookb001
"Butler, Lawrence",671732,2026,0.217,0.357,0.309,36,47,0.298,0.316,25.2,11.5,44.9,7.7,butll001
"Fulford, Braxton",690924,2026,0.185,0.292,0.257,7,12,0.246,0.202,41.9,8.1,30.6,8.3,fulfb001
"Schanuel, Nolan",694384,2026,0.276,0.385,0.351,48,42,0.328,0.334,13.0,9.4,32.9,2.4,schan001
"Stewart, Sal",701398,2026,0.259,0.474,0.335,94,69,0.347,0.348,21.9,9.9,38.6,13.3,stews004
"Eldridge, Bryce",805811,2026,0.247,0.438,0.341,33,41,0.342,0.349,26.8,12.5,51.4,12.1,eldrb002
"Seigler, Anthony",678011,2026,0.252,0.403,0.321,12,20,0.318,0.31,16.5,8.9,35.9,6.0,seiga001
"Marsh, Brandon",669016,2026,0.274,0.436,0.319,54,64,0.325,0.313,24.9,6.0,45.2,8.5,marsb002
"Vargas, Miguel",678246,2026,0.24,0.487,0.347,72,86,0.359,0.384,17.8,13.1,46.5,14.5,vargm001
"Hedges, Austin",595978,2026,0.265,0.38,0.337,19,19,0.319,0.286,16.8,9.4,32.1,4.3,hedga001
"Gilbert, Drew",687551,2026,0.236,0.363,0.322,29,35,0.305,0.317,17.6,9.5,34.1,4.2,gilbd001
"Crow-Armstrong, Pete",691718,2026,0.279,0.55,0.378,79,90,0.396,0.359,27.0,11.9,49.0,12.5,crowp001
"Tena, José",677588,2026,0.238,0.399,0.317,22,32,0.317,0.308,30.5,9.2,49.7,8.8,tenaj001
"Jones, Greg",675659,2026,0.087,0.087,0.087,1,0,0.077,0.164,41.7,0.0,28.6,0.0,joneg003
"Nuñez, Nasim",683083,2026,0.224,0.26,0.308,34,46,0.264,0.27,20.5,10.5,22.2,0.4,nunen001
"Soderstrom, Tyler",691016,2026,0.245,0.472,0.338,56,58,0.349,0.328,20.1,11.7,45.4,9.5,sodet001
"Caballero, José",676609,2026,0.239,0.384,0.298,42,39,0.3,0.28,24.0,6.3,24.6,4.0,cabaj001
"Alvarez, Yordan",670541,2026,0.319,0.615,0.433,88,83,0.435,0.458,17.0,15.8,53.3,17.4,alvay001
"Misner, Kameron",670224,2026,0.22,0.244,0.256,4,2,0.227,0.209,38.6,4.5,20.0,0.0,misnk001
"House, Brady",691781,2026,0.238,0.398,0.298,31,31,0.306,0.334,28.6,6.7,46.3,11.3,housb001
"Moore, Dylan",664238,2026,0.0,0.0,0.2,0,3,0.14,0.233,40.0,20.0,33.3,0.0,moord002
"Lewis, Royce",668904,2026,0.24,0.419,0.312,45,45,0.319,0.323,25.7,8.9,42.7,11.8,lewir003
"Dubón, Mauricio",643289,2026,0.264,0.39,0.31,61,54,0.308,0.307,12.7,5.9,30.6,4.1,dubom001
"Joe, Connor",656582,2026,0.179,0.308,0.289,3,2,0.274,0.337,33.3,13.3,45.8,8.3,joe-c001
"Sánchez, Ali",645305,2026,0.262,0.344,0.292,7,6,0.281,0.272,24.6,1.5,26.1,2.2,sanca009
"Rojas, Miguel",500743,2026,0.276,0.397,0.323,18,20,0.314,0.322,10.7,6.6,37.3,5.6,rojam002
"Salazar, César",663967,2026,0.056,0.056,0.227,1,0,0.169,0.328,13.6,13.6,33.3,0.0,salac001
"Torrens, Luis",620443,2026,0.239,0.397,0.306,31,30,0.311,0.298,19.0,6.9,39.5,5.5,torrl001
"Soler, Jorge",624585,2026,0.203,0.373,0.291,49,36,0.294,0.294,32.7,9.7,42.6,10.9,solej001
"Laureano, Ramón",657656,2026,0.203,0.374,0.286,21,23,0.292,0.312,31.6,9.7,41.2,14.3,laurr001
"Cole, Zach",805904,2026,0.157,0.353,0.189,8,4,0.234,0.289,39.6,1.9,50.0,16.7,colez001
"Carpenter, Kerry",681481,2026,0.208,0.416,0.276,36,27,0.301,0.295,29.0,6.9,44.0,9.6,carpk001
"Mikolas, Miles",571945,2026,0.0,0.0,0.0,1,1,0.0,0.0,0.0,0.0,0.0,0.0,mikom001
"Kennedy, Buddy",671083,2026,0.111,0.139,0.22,1,4,0.182,0.252,31.7,9.8,34.8,8.7,kennb002
"Ford, Harry",695670,2026,0.212,0.423,0.328,7,9,0.332,0.25,29.5,13.1,29.4,8.8,fordh001
"Beck, Jordan",687597,2026,0.179,0.304,0.238,10,11,0.24,0.248,27.0,7.4,30.0,5.1,beckj003
"Straw, Myles",664702,2026,0.215,0.323,0.27,21,35,0.264,0.288,14.2,6.9,24.7,3.1,stram002
"Oliva, Jared",666931,2026,0.143,0.143,0.143,0,1,0.127,0.308,14.3,0.0,66.7,0.0,olivj003
"Basabe, Osleivis",678545,2026,0.25,0.422,0.279,8,6,0.303,0.271,17.6,1.5,37.7,7.7,basao001
"Trevino, Jose",624431,2026,0.245,0.392,0.252,12,11,0.279,0.217,19.0,1.0,32.1,2.4,trevj001
"Siani, Michael",672279,2026,0.0,0.0,0.0,0,0,0.0,0.292,0.0,0.0,0.0,0.0,sianm001
"Wells, Austin",669224,2026,0.176,0.293,0.269,17,25,0.254,0.293,25.8,10.7,42.6,6.6,wella002
"Jung, Jace",690291,2026,0.167,0.167,0.375,0,1,0.286,0.392,12.5,25.0,20.0,0.0,jungj002
"Varsho, Daulton",662139,2026,0.229,0.353,0.296,29,42,0.287,0.288,19.6,8.3,37.6,5.9,varsd001
"Huff, Sam",669087,2026,0.121,0.182,0.147,1,1,0.147,0.137,55.9,2.9,57.1,14.3,huffs001
"Yastrzemski, Mike",573262,2026,0.227,0.387,0.313,34,40,0.31,0.309,24.1,10.0,43.5,7.2,yastm001
"Eaton, Nate",681987,2026,0.125,0.281,0.282,5,3,0.267,0.291,30.8,12.8,35.0,10.0,eaton001
"Fermín, José",665877,2026,0.248,0.366,0.322,28,21,0.307,0.307,12.2,9.6,32.5,1.9,fermj001
"Ozuna, Marcell",542303,2026,0.203,0.327,0.286,29,22,0.275,0.304,28.6,9.6,36.8,7.7,ozunm001
"Del Castillo, Adrian",680728,2026,0.199,0.318,0.253,24,18,0.254,0.26,28.1,6.8,36.8,6.5,delca001
"Hernández, Enrique",571771,2026,0.25,0.5,0.273,5,4,0.33,0.249,27.3,3.0,34.8,8.7,herne001
"Jung, Josh",673962,2026,0.294,0.441,0.361,35,46,0.353,0.347,17.9,8.3,48.3,6.3,jungj001
"Amador, Adael",691182,2026,0.3,0.7,0.462,6,5,0.484,0.256,38.5,23.1,20.0,20.0,amada001
"Manzardo, Kyle",700932,2026,0.215,0.378,0.306,39,40,0.305,0.306,32.0,10.1,41.0,12.0,manzk001
"Baker, Luken",663609,2026,0.2,0.2,0.2,0,0,0.178,0.123,60.0,0.0,50.0,0.0,bakel001
"Lawlar, Jordan",691783,2026,0.25,0.354,0.333,4,6,0.312,0.294,27.8,5.6,24.2,3.0,lawlj001
"Greene, Riley",682985,2026,0.273,0.45,0.366,54,65,0.356,0.363,27.0,12.4,48.3,14.6,greer003
"Robert Jr., Luis",673357,2026,0.215,0.362,0.29,19,19,0.289,0.306,24.6,9.8,37.5,6.7,robel002
"Gonzales, Nick",693304,2026,0.31,0.404,0.368,53,66,0.344,0.325,16.6,6.7,34.9,2.7,gonzn001
"Garcia, Maikel",672580,2026,0.269,0.385,0.324,32,34,0.313,0.317,15.2,7.8,40.8,4.6,garcm003
"Soto, Juan",665742,2026,0.283,0.539,0.408,52,46,0.402,0.422,13.4,17.5,48.6,14.3,sotoj001
"Harper, Bryce",547180,2026,0.26,0.492,0.381,72,80,0.377,0.391,20.5,16.7,44.7,10.8,harpb003
"García, Adolis",666969,2026,0.195,0.329,0.27,21,21,0.268,0.294,32.4,8.1,48.0,9.3,garca005
"Hayes, Ke'Bryan",663647,2026,0.152,0.255,0.204,8,17,0.207,0.303,19.4,5.1,39.0,8.5,hayek001
"Wiemer, Joey",686894,2026,0.286,0.514,0.398,12,16,0.397,0.315,34.9,14.5,39.0,10.0,wiemj001
"Rice, Ben",700250,2026,0.251,0.532,0.344,79,77,0.373,0.372,25.0,11.9,49.1,15.0,riceb001
"Refsnyder, Rob",608701,2026,0.14,0.254,0.211,11,9,0.207,0.255,28.7,6.2,34.6,8.6,refsr001
"Arias, Gabriel",672356,2026,0.235,0.371,0.273,11,13,0.28,0.274,41.7,5.0,44.6,10.8,ariag002
"Tromp, Chadwick",644433,2026,0.163,0.184,0.16,4,2,0.15,0.17,25.5,0.0,26.3,0.0,tromc001
"Chisholm Jr., Jazz",665862,2026,0.216,0.388,0.296,48,58,0.299,0.288,30.9,10.2,42.3,9.2,chisj001
"Rushing, Dalton",687221,2026,0.253,0.475,0.335,36,37,0.352,0.34,28.6,9.4,44.6,12.2,rushd001
"McCutchen, Andrew",457705,2026,0.192,0.26,0.277,5,8,0.249,0.237,26.5,10.8,28.8,5.8,mccua001
"Loperfido, Joey",694388,2026,0.216,0.333,0.314,12,13,0.289,0.297,25.8,11.7,35.6,6.8,lopej008
"Barrosa, Jorge",678489,2026,0.197,0.341,0.282,12,26,0.278,0.235,26.8,8.9,25.3,5.1,barrj004
"Mancini, Trey",641820,2026,0.308,0.462,0.286,4,1,0.305,0.282,21.4,0.0,45.5,18.2,manct001
"Mitchell, Garrett",669003,2026,0.261,0.421,0.356,51,52,0.343,0.348,31.8,12.0,51.9,12.8,mitcg001
"Keaschall, Luke",807712,2026,0.272,0.377,0.364,36,59,0.332,0.311,15.3,10.0,29.1,3.0,keasl001
"Mountcastle, Ryan",663624,2026,0.286,0.357,0.333,1,0,0.309,0.301,13.3,6.7,41.7,0.0,mounr001
"Kiner-Falefa, Isiah",643396,2026,0.277,0.361,0.344,13,19,0.317,0.312,13.6,9.1,26.5,3.0,kinei001
"Hernaiz, Darell",687231,2026,0.236,0.283,0.317,7,12,0.278,0.268,16.7,9.7,26.7,1.0,hernd006
"Hicklen, Brewer",676551,2026,0.368,0.579,0.478,3,5,0.457,0.354,34.8,17.4,54.5,9.1,hickb003
"Wood, James",695578,2026,0.265,0.535,0.393,73,100,0.395,0.419,28.6,16.8,57.6,20.8,woodj004
"Wong, Connor",657136,2026,0.25,0.381,0.332,22,18,0.319,0.302,24.2,8.2,36.5,5.6,wongc001
"Schwarber, Kyle",656941,2026,0.244,0.526,0.362,74,73,0.38,0.365,33.8,14.7,51.5,17.2,schwk001
"Kwan, Steven",680757,2026,0.265,0.327,0.372,23,57,0.322,0.326,10.1,13.8,8.8,0.3,kwans001
"Matos, Luis",682641,2026,0.2,0.2,0.238,0,1,0.203,0.13,33.3,4.8,23.1,0.0,matol002
"Veen, Zac",691728,2026,0.278,0.667,0.316,7,3,0.412,0.352,36.8,5.3,36.4,18.2,veenz001
"Thomas, Colby",687515,2026,0.202,0.333,0.235,11,11,0.25,0.248,30.6,3.3,34.2,8.9,thomc005
"Mederos, Victor",682989,2026,1.0,1.0,1.0,2,0,0.89,0.543,0.0,0.0,100.0,0.0,medev001
"Seager, Corey",608369,2026,0.218,0.415,0.315,30,37,0.318,0.339,24.8,11.9,47.5,15.1,seagc001
"Jiménez, Eloy",650391,2026,0.29,0.29,0.343,3,2,0.289,0.256,20.0,8.6,44.0,4.0,jimee001
"Burleson, Alec",676475,2026,0.288,0.489,0.355,92,72,0.364,0.385,16.7,8.5,49.4,11.5,burla001
"McLain, Matt",680574,2026,0.2,0.358,0.298,29,44,0.294,0.323,27.0,11.2,38.0,10.4,mclam001
"Sheets, Gavin",657757,2026,0.214,0.397,0.316,46,46,0.317,0.318,20.8,11.8,39.4,7.2,sheeg001
"Outman, James",681546,2026,0.172,0.318,0.235,17,23,0.246,0.225,41.8,5.9,37.2,7.0,outmj002
"DeLauter, Chase",800050,2026,0.285,0.442,0.358,57,49,0.351,0.346,14.1,10.4,45.5,6.5,delac001
"Adell, Jo",666176,2026,0.236,0.403,0.289,73,52,0.303,0.332,24.4,4.1,45.0,10.1,adelj001
"Valera, George",671655,2026,0.216,0.297,0.237,6,1,0.235,0.198,21.1,2.6,34.5,0.0,valeg001
"Heineman, Tyler",623168,2026,0.184,0.235,0.234,8,11,0.216,0.25,15.5,3.2,12.3,0.8,heint001
"Moore, Christian",695681,2026,0.2,0.2,0.227,1,0,0.193,0.202,50.0,4.5,50.0,10.0,moorc002
"Shewmake, Braden",669699,2026,0.259,0.424,0.27,10,12,0.296,0.294,17.6,2.2,37.0,6.9,shewb001
"Stubbs, Garrett",596117,2026,0.159,0.159,0.224,3,8,0.185,0.233,20.4,4.1,28.6,0.0,stubg001
"Walker, Christian",572233,2026,0.23,0.44,0.308,71,61,0.325,0.303,23.8,8.3,41.4,9.3,walkc002
"Massey, Michael",686681,2026,0.278,0.447,0.311,42,44,0.327,0.298,17.4,5.1,39.9,6.2,massm001
"Urías, Ramón",602104,2026,0.158,0.316,0.279,5,9,0.273,0.306,17.6,8.8,37.0,10.9,uriar001
"Henderson, Gunnar",683002,2026,0.221,0.399,0.304,51,76,0.309,0.318,22.3,9.2,45.2,7.3,hendg002
"Ornelas, Jonathan",680716,2026,0.19,0.19,0.227,1,1,0.193,0.178,50.0,4.5,50.0,0.0,ornej001
"Smith, Will",669257,2026,0.249,0.382,0.338,23,23,0.321,0.385,16.9,11.4,39.4,13.4,smitw003
"Tovar, Ezequiel",678662,2026,0.205,0.326,0.252,38,42,0.254,0.272,25.4,5.9,33.3,6.3,tovae001
"Harris II, Michael",671739,2026,0.291,0.485,0.318,68,60,0.346,0.343,19.7,3.7,48.8,10.8,harrm004
"Cheng, Tsung-Che",691907,2026,0.256,0.282,0.318,5,7,0.274,0.303,31.8,9.1,23.1,7.7,chent001
"Machado, Manny",592518,2026,0.215,0.413,0.299,71,63,0.309,0.329,22.0,10.9,44.9,9.9,machm001
"Escarra, J.C.",641555,2026,0.188,0.271,0.239,7,8,0.228,0.257,19.6,6.5,33.8,4.5,escaj001
"Ward, Taylor",621493,2026,0.239,0.335,0.37,32,65,0.324,0.339,20.7,16.3,38.2,5.7,wardt002
"Encarnacion, Jerar",666464,2026,0.176,0.206,0.2,0,1,0.183,0.21,22.9,2.9,34.6,7.7,encaj002
"Teodosio, Bryce",669326,2026,0.213,0.255,0.26,2,5,0.235,0.203,35.3,5.9,23.3,6.7,teodb001
"Montgomery, Colson",695657,2026,0.216,0.433,0.294,71,57,0.315,0.303,33.2,8.1,41.6,11.9,montc004
"Alonso, Pete",624413,2026,0.269,0.498,0.36,82,78,0.371,0.392,24.1,11.4,56.3,14.0,alonp001
"Happ, Ian",664023,2026,0.214,0.405,0.322,51,72,0.321,0.308,30.6,12.6,42.1,11.0,happi001
"Espinal, Santiago",669289,2026,0.268,0.375,0.276,7,5,0.281,0.29,13.3,1.7,31.4,2.0,espis001
"Slater, Austin",596103,2026,0.231,0.277,0.311,3,6,0.271,0.235,28.4,10.8,18.2,2.3,slata001
"Nootbaar, Lars",663457,2026,0.221,0.338,0.329,19,25,0.3,0.332,20.6,14.0,49.7,9.4,nootl001
"Schneemann, Daniel",682177,2026,0.206,0.321,0.275,28,28,0.268,0.285,29.3,8.7,37.6,7.6,schnd002
"Santana, Carlos",467793,2026,0.083,0.125,0.154,0,1,0.136,0.187,30.8,7.7,43.8,0.0,santc002
"Bellinger, Cody",641355,2026,0.259,0.42,0.35,53,52,0.34,0.35,16.1,12.7,37.3,6.2,bellc002
"Horwitz, Spencer",687462,2026,0.256,0.406,0.362,38,37,0.343,0.324,14.1,12.6,31.9,7.3,horws001
"Vaughn, Andrew",683734,2026,0.303,0.456,0.392,36,29,0.373,0.342,15.1,11.3,43.2,5.8,vauga001
"Grichuk, Randal",545341,2026,0.276,0.547,0.303,31,31,0.359,0.335,22.9,3.5,46.9,11.6,gricr001
"Isbel, Kyle",664728,2026,0.229,0.332,0.279,17,21,0.272,0.263,22.4,5.3,34.0,2.5,isbek001
"Lowe, Brandon",664040,2026,0.253,0.481,0.319,80,76,0.344,0.327,28.7,8.9,46.8,12.2,loweb001
"Maile, Luke",571912,2026,0.2,0.36,0.231,5,2,0.257,0.187,38.5,3.8,20.0,6.7,maill001
"Trammell, Taylor",666211,2026,0.211,0.378,0.298,20,26,0.299,0.297,32.5,9.1,37.3,12.7,tramt001
"Witt Jr., Bobby",677951,2026,0.286,0.463,0.362,47,68,0.357,0.383,17.3,10.5,51.0,11.9,wittb002
"Pasquantino, Vinnie",686469,2026,0.244,0.367,0.329,36,37,0.308,0.324,17.0,11.0,41.3,7.2,pasqv001
"Bart, Joey",663698,2026,0.214,0.357,0.305,13,13,0.298,0.295,27.3,5.5,34.6,7.7,bartj003
"Callihan, Tyler",682997,2026,0.211,0.389,0.283,15,13,0.294,0.252,35.5,8.4,27.1,6.8,callt001
"Stevens, Chad",677060,2026,0.036,0.036,0.176,3,1,0.129,0.209,38.2,14.7,25.0,6.3,stevc002
"Freeman, Cody",683227,2026,0.259,0.259,0.355,1,1,0.291,0.198,25.0,12.5,15.0,0.0,freec003
"Edman, Tommy",669242,2026,0.271,0.412,0.34,23,25,0.333,0.315,20.0,6.3,35.8,6.0,edmat001
"Smith, Josh",669701,2026,0.22,0.305,0.303,11,16,0.275,0.277,21.4,10.2,29.1,7.1,smitj007
"Senger, Hayden",663584,2026,0.133,0.333,0.133,2,2,0.196,0.181,23.5,0.0,23.1,0.0,sengh001
"Hamilton, David",666152,2026,0.243,0.34,0.321,21,40,0.299,0.27,22.4,9.6,27.8,3.8,hamid002
"Pagés, Pedro",686780,2026,0.21,0.317,0.256,11,13,0.254,0.268,26.6,4.9,37.4,4.9,pagep001
"Gurriel Jr., Lourdes",666971,2026,0.207,0.287,0.254,21,12,0.242,0.277,18.0,5.3,34.3,4.9,gurrl001
"Dezenzo, Zach",701305,2026,0.211,0.303,0.277,3,11,0.262,0.248,38.6,8.4,31.8,9.1,dezez001
"Haggerty, Sam",664059,2026,0.159,0.182,0.213,1,3,0.186,0.182,34.0,4.3,7.1,0.0,haggs001
"Rogers, Jake",668670,2026,0.175,0.307,0.287,11,15,0.27,0.277,28.5,13.1,38.0,8.9,rogej004
"Kepler, Max",596146,2026,0.216,0.333,0.282,15,10,0.27,0.275,22.6,8.9,41.2,8.2,keplm001
"Realmuto, J.T.",592663,2026,0.215,0.335,0.291,40,38,0.281,0.319,21.3,7.6,40.4,4.5,realj001
"Solak, Nick",669256,2026,0.143,0.143,0.3,1,0,0.232,0.373,0.0,10.0,50.0,12.5,solan001
"Rutschman, Adley",668939,2026,0.245,0.423,0.331,51,32,0.33,0.347,15.5,11.4,40.9,7.4,rutsa001
"Betts, Mookie",605141,2026,0.237,0.412,0.291,44,49,0.305,0.327,11.5,6.8,38.3,7.7,bettm001
"Story, Trevor",596115,2026,0.206,0.303,0.244,19,16,0.242,0.248,32.4,4.5,41.8,3.6,stort001
"Simpson, Chandler",802415,2026,0.309,0.365,0.335,26,49,0.309,0.263,8.5,4.4,13.7,0.0,simpc001
"Hicks, Liam",689414,2026,0.284,0.441,0.37,71,61,0.355,0.316,9.3,10.4,28.1,3.9,hickl001
"Beavers, Dylan",687637,2026,0.239,0.366,0.318,25,25,0.306,0.302,26.7,9.6,40.4,6.7,beavd001
"Robinson, Chuckie",642020,2026,0.087,0.087,0.087,1,1,0.077,0.149,19.2,0.0,14.3,0.0,robic003
"Williams, Alika",675961,2026,0.262,0.39,0.3,10,16,0.302,0.243,24.3,3.9,33.0,0.9,willa005
"DeLuca, Jonny",676356,2026,0.263,0.432,0.295,36,33,0.316,0.278,20.3,4.3,29.5,4.1,deluj001
"Palacios, Richie",680700,2026,0.241,0.356,0.339,39,41,0.314,0.312,18.2,12.1,28.2,3.8,palar002
"Young, Jared",676724,2026,0.27,0.447,0.337,30,28,0.343,0.323,18.7,7.1,47.0,8.3,younj003
"Matthews, Brice",694728,2026,0.197,0.332,0.25,22,23,0.257,0.26,31.4,6.6,37.1,8.6,mattb001
"Vargas, Ildemaro",545121,2026,0.264,0.407,0.308,60,50,0.311,0.31,9.7,5.6,35.5,3.7,vargi001
"Porter, Logan",682515,2026,0.25,0.5,0.5,0,2,0.443,0.414,33.3,33.3,50.0,0.0,portl001
"Mayo, Coby",691723,2026,0.211,0.439,0.275,47,45,0.309,0.309,32.6,7.3,49.0,12.2,mayoc001
"Pereira, Everson",677592,2026,0.232,0.442,0.302,12,10,0.324,0.297,34.0,5.7,41.7,13.3,peree005
"Dean, Justin",681909,2026,0.375,0.625,0.5,3,3,0.477,0.345,40.0,20.0,50.0,0.0,deanj001
"Higgins, P.J.",664731,2026,0.231,0.269,0.276,4,1,0.245,0.287,25.0,6.3,13.6,0.0,higgp001
"Julien, Edouard",666397,2026,0.208,0.292,0.322,20,37,0.286,0.338,25.7,14.1,49.7,7.3,julie001
"Fraley, Jake",641584,2026,0.232,0.39,0.3,5,6,0.304,0.276,27.8,8.9,21.4,8.8,fralj001
"Shaw, Matt",807713,2026,0.246,0.415,0.322,20,20,0.324,0.301,18.4,8.2,36.2,4.8,shawm002
"Muncy, Max",571970,2026,0.251,0.497,0.342,64,66,0.362,0.349,25.4,11.3,45.5,13.8,muncm001
"Tucker, Kyle",663656,2026,0.232,0.368,0.327,55,68,0.31,0.327,18.7,12.0,37.5,5.9,tuckk001
"Sánchez, Jesús",660821,2026,0.26,0.423,0.319,33,23,0.322,0.331,23.1,6.2,46.0,11.3,sancj003
"Perdomo, Geraldo",672695,2026,0.244,0.371,0.355,43,59,0.327,0.323,12.4,14.1,29.7,3.1,perdg001
"Bae, Jihwan",678225,2026,0.5,0.5,0.667,0,1,0.539,0.361,25.0,0.0,0.0,0.0,bae-j001
"Basallo, Samuel",694212,2026,0.239,0.443,0.304,46,34,0.322,0.334,26.6,8.2,45.6,13.2,basas001
"Rodríguez, Johnathan",671286,2026,0.182,0.273,0.333,2,0,0.283,0.297,40.0,20.0,50.0,0.0,rodrj009
"McCarthy, Jake",664983,2026,0.295,0.49,0.334,68,62,0.354,0.316,17.1,5.0,26.4,4.8,mccaj003
"Mangum, Jake",663968,2026,0.298,0.387,0.352,28,50,0.328,0.29,18.4,5.5,27.8,2.2,mangj001
"Harris, Dustin",687957,2026,0.233,0.302,0.333,5,6,0.292,0.334,13.5,11.5,15.8,0.0,harrd003
"Millas, Drew",686452,2026,0.185,0.262,0.277,11,18,0.251,0.266,24.3,9.2,21.9,3.2,milld003
"Bader, Harrison",664056,2026,0.17,0.358,0.198,14,10,0.238,0.272,30.6,3.6,41.1,8.2,badeh001
"Guerrero Jr., Vladimir",665489,2026,0.263,0.356,0.337,46,61,0.308,0.333,13.4,9.7,43.0,6.8,guerv002
"Cronenworth, Jake",630105,2026,0.225,0.298,0.31,20,32,0.28,0.284,21.9,9.2,30.6,3.6,cronj001
"Berroa, Steward",672642,2026,0.143,0.143,0.143,1,0,0.127,0.211,57.1,0.0,0.0,0.0,berrs002
"Meneses, Joey",608841,2026,0.15,0.15,0.28,2,1,0.22,0.326,16.0,12.0,58.8,0.0,menej001
"Velazquez, Andrew",623205,2026,0.067,0.067,0.067,0,0,0.059,0.16,13.3,0.0,23.1,0.0,velaa001
"Donovan, Brendan",680977,2026,0.273,0.409,0.37,12,12,0.348,0.313,14.9,9.7,28.2,2.8,donob001
"Holliday, Jackson",702616,2026,0.231,0.36,0.328,25,32,0.306,0.31,24.0,12.9,33.7,7.2,hollj003
"Meidroth, Chase",805367,2026,0.273,0.406,0.347,49,72,0.334,0.294,22.8,9.6,35.2,4.7,meidc001
"McNeil, Jeff",643446,2026,0.261,0.357,0.313,43,35,0.297,0.309,11.3,6.4,31.2,1.9,mcnej002
"Schmitt, Casey",669477,2026,0.271,0.483,0.301,55,47,0.335,0.355,19.8,2.7,44.8,12.3,schmc003
"Davis, Henry",680779,2026,0.17,0.3,0.267,32,28,0.259,0.285,21.5,9.0,39.2,8.8,davih001
"Sullivan, Brett",664954,2026,0.238,0.44,0.284,27,21,0.311,0.285,16.8,6.0,32.6,4.3,sullb001
"Morel, Christopher",666624,2026,0.169,0.211,0.234,1,3,0.208,0.222,36.4,6.5,41.9,2.3,morec001
"Nimmo, Brandon",607043,2026,0.268,0.429,0.333,48,52,0.333,0.362,21.4,7.8,51.1,10.3,nimmb001
"Allen, Nick",669397,2026,0.261,0.345,0.3,13,20,0.285,0.24,20.5,5.3,27.8,2.1,allen002
"Sánchez, Gary",596142,2026,0.221,0.448,0.366,29,32,0.36,0.357,20.5,17.4,36.8,8.8,sancg002
"Johnson, Daniel",669288,2026,0.143,0.143,0.294,0,1,0.23,0.341,17.6,11.8,45.5,0.0,johnd006
"Lindor, Francisco",596019,2026,0.239,0.426,0.33,32,40,0.334,0.349,19.1,11.0,48.4,9.4,lindf001
"Bichette, Bo",666182,2026,0.266,0.388,0.314,64,62,0.308,0.325,18.2,6.6,40.7,6.4,bichb001
"Trout, Mike",545361,2026,0.239,0.434,0.382,45,69,0.358,0.382,25.7,17.5,45.9,15.6,troum001
"Wade Jr., LaMonte",664774,2026,0.218,0.333,0.346,15,11,0.313,0.287,23.1,16.3,34.9,3.2,wadel001
"Diaz, Yainer",673237,2026,0.254,0.394,0.282,28,25,0.294,0.306,15.3,3.6,35.0,5.0,diazy004
"Ramírez, Agustín",682663,2026,0.243,0.354,0.329,17,20,0.305,0.279,23.2,10.4,41.1,3.7,ramia004
"Thomas, Alek",677950,2026,0.181,0.34,0.222,10,12,0.246,0.292,23.0,3.0,43.1,8.6,thoma004
"Navarreto, Brian",640459,2026,0.138,0.276,0.242,1,5,0.241,0.223,28.6,5.7,14.3,9.5,navab001
"Adames, Willy",642715,2026,0.229,0.421,0.288,48,59,0.309,0.292,27.4,7.3,38.4,8.5,adamw002
"Langford, Wyatt",694671,2026,0.251,0.454,0.318,33,44,0.336,0.309,22.5,8.0,39.6,7.7,langw001
"León, Sandy",506702,2026,0.091,0.091,0.091,0,0,0.081,0.132,40.9,0.0,19.2,0.0,leons001
"Martin, Austin",668885,2026,0.241,0.333,0.352,23,41,0.315,0.311,17.9,12.8,29.3,3.1,marta007
"Perez, Salvador",521692,2026,0.219,0.368,0.265,55,42,0.275,0.3,19.5,3.8,42.2,9.8,peres002
"Lopez, Otto",672640,2026,0.308,0.449,0.344,54,75,0.343,0.326,12.8,5.2,41.2,6.2,lopeo001
"Ritter, Ryan",690022,2026,0.143,0.143,0.143,0,1,0.127,0.166,42.9,0.0,25.0,0.0,rittr002
"Marte, Starling",516782,2026,0.242,0.314,0.298,14,15,0.276,0.287,24.4,5.4,35.1,9.6,marts002
"Garcia, Jhostynxon",691373,2026,0.163,0.184,0.196,2,2,0.175,0.24,33.3,2.0,31.3,3.1,garcj008
"Wisdom, Patrick",621550,2026,0.122,0.22,0.182,4,3,0.172,0.265,40.9,6.8,47.8,21.7,wisdp001
"Merrill, Jackson",701538,2026,0.24,0.408,0.29,63,65,0.303,0.329,24.7,6.3,47.1,11.2,merrj002
"Reynolds, Bryan",668804,2026,0.261,0.427,0.37,66,85,0.352,0.348,24.1,13.4,46.8,11.1,reynb001
"Conine, Griffin",665052,2026,0.272,0.549,0.364,31,28,0.393,0.386,30.3,11.1,54.9,16.8,conig001
"Mead, Curtis",678554,2026,0.253,0.498,0.353,48,49,0.37,0.358,19.1,11.9,42.3,10.9,meadc001
"Winn, Masyn",691026,2026,0.238,0.326,0.314,51,48,0.289,0.3,21.4,9.0,35.0,3.6,winnm001
"Judge, Aaron",592450,2026,0.248,0.533,0.375,38,43,0.385,0.415,27.6,16.1,57.3,21.7,judga001
"Herrera, Iván",671056,2026,0.244,0.384,0.361,53,78,0.334,0.336,17.5,11.0,40.8,5.8,herri001
"Carlson, Dylan",666185,2026,0.0,0.0,0.0,0,1,0.0,0.07,50.0,0.0,0.0,0.0,carld002
"Hinds, Rece",677956,2026,0.114,0.2,0.158,5,2,0.161,0.155,50.0,2.6,23.5,0.0,hindr001
"Cortes, Carlos",666126,2026,0.26,0.407,0.336,35,24,0.328,0.322,14.7,9.2,37.8,6.5,cortc001
"Rosario, Amed",642708,2026,0.226,0.425,0.269,28,23,0.298,0.305,26.4,6.0,39.0,11.0,rosaa003
"Neto, Zach",687263,2026,0.231,0.422,0.314,54,76,0.323,0.299,31.0,9.4,40.5,11.5,netoz001
"Melendez, MJ",669004,2026,0.192,0.35,0.315,11,14,0.302,0.28,34.7,11.8,55.6,11.1,melem001
"Pache, Cristian",665506,2026,0.0,0.0,0.0,0,1,0.0,0.09,66.7,0.0,50.0,0.0,pachc001
"Urías, Luis",649966,2026,0.25,0.481,0.322,8,5,0.345,0.299,16.9,10.2,30.2,7.0,urial001
"Freeman, Tyler",671289,2026,0.247,0.314,0.317,23,29,0.288,0.309,11.8,3.8,36.0,1.3,freet001
"Edwards, Xavier",669364,2026,0.288,0.386,0.367,47,59,0.334,0.317,13.4,11.5,29.0,3.5,edwax001
"Wendzel, Davis",673995,2026,0.0,0.0,0.0,0,0,0.0,0.23,0.0,0.0,50.0,0.0,wendd001
"Norby, Connor",681393,2026,0.211,0.336,0.319,17,21,0.299,0.29,29.6,10.8,36.7,6.8,norbc001
"Rafaela, Ceddanne",678882,2026,0.284,0.463,0.321,64,67,0.34,0.285,20.3,3.7,32.2,5.8,rafac001
"Clase, Jonatan",682729,2026,0.273,0.545,0.36,6,4,0.39,0.247,32.0,12.0,35.7,0.0,clasj001
"Abreu, Wilyer",677800,2026,0.257,0.467,0.336,67,72,0.346,0.357,19.6,10.7,44.2,12.9,abrew002
"Vierling, Matt",663837,2026,0.207,0.335,0.255,31,24,0.258,0.304,16.8,6.5,37.2,5.0,vierm001
"Raleigh, Cal",663728,2026,0.156,0.296,0.273,44,27,0.262,0.291,31.9,13.3,35.4,12.3,ralec001
"Rodríguez, Julio",677594,2026,0.253,0.416,0.317,53,58,0.32,0.351,21.1,7.9,43.0,9.3,rodrj007
"Flores Jr., Rafael",804668,2026,0.313,0.729,0.411,12,10,0.475,0.413,26.8,14.3,51.5,21.2,florr004
"McKinstry, Zach",656716,2026,0.222,0.327,0.306,25,34,0.285,0.291,15.5,10.3,22.6,2.3,mckiz001
"Rocchio, Brayan",677587,2026,0.251,0.371,0.314,51,46,0.304,0.293,14.5,6.6,30.9,3.3,roccb001
"Sosa, Edmundo",624641,2026,0.219,0.353,0.262,30,20,0.27,0.328,21.0,3.4,40.5,6.8,sosae001
"Handley, Maverick",668974,2026,0.0,0.0,0.0,0,0,0.0,0.0,100.0,0.0,,,handm001
"Mateo, Jorge",622761,2026,0.239,0.391,0.281,14,32,0.294,0.321,29.5,5.5,44.2,10.5,matej003
"Pereda, Jhonny",640902,2026,0.27,0.351,0.316,4,8,0.299,0.326,19.0,5.1,46.6,3.4,perej004
"Crawford, J.P.",641487,2026,0.212,0.345,0.33,30,38,0.308,0.325,20.3,13.7,35.3,6.4,crawj002
"Scott II, Victor",687363,2026,0.194,0.258,0.276,9,19,0.248,0.273,23.9,8.7,23.8,0.8,scotv001
"Cameron, Daz",663662,2026,0.364,0.727,0.364,1,0,0.463,0.356,27.3,0.0,25.0,25.0,camed001
"Bleday, JJ",668709,2026,0.219,0.433,0.333,47,46,0.337,0.347,21.7,14.2,40.8,9.6,bledj001
"Hays, Austin",669720,2026,0.237,0.356,0.25,10,6,0.257,0.285,26.7,1.7,41.9,4.7,haysa001
"Walls, Taylor",670764,2026,0.224,0.302,0.309,31,49,0.279,0.248,24.2,10.3,21.5,2.1,wallt003
"Hoerner, Nico",663538,2026,0.264,0.362,0.322,58,52,0.305,0.326,8.6,7.3,28.1,1.1,hoern001
"Tawa, Tim",694374,2026,0.235,0.385,0.288,29,23,0.294,0.304,23.6,7.1,44.9,9.1,tawat001
"Taylor, Tyrone",621438,2026,0.246,0.479,0.298,29,25,0.335,0.31,18.9,5.9,34.3,10.2,taylt002
"Garver, Mitch",641598,2026,0.175,0.294,0.302,15,17,0.278,0.301,32.9,14.8,48.1,9.1,garvm001
"Feduccia, Hunter",676439,2026,0.232,0.345,0.309,13,19,0.293,0.32,24.6,9.4,39.5,8.8,feduh001
"Aranda, Jonathan",666018,2026,0.282,0.42,0.366,76,59,0.346,0.35,23.3,10.7,45.7,10.0,aranj001
"Saggese, Thomas",695336,2026,0.184,0.276,0.244,4,9,0.235,0.274,31.7,7.3,38.0,10.0,saggt001
"Castro, Willi",650489,2026,0.264,0.425,0.335,52,60,0.334,0.31,27.0,8.6,41.2,8.5,castw003
"Ramos, Heliot",671218,2026,0.243,0.392,0.294,34,37,0.299,0.323,26.9,5.8,48.7,13.6,ramoh002
"Langeliers, Shea",669127,2026,0.263,0.497,0.332,51,55,0.357,0.363,23.1,8.2,45.6,14.9,langs001
"Hernández, Teoscar",606192,2026,0.25,0.401,0.313,43,50,0.313,0.318,27.1,8.1,43.9,9.2,hernt002
"Young, Jacob",696285,2026,0.25,0.401,0.312,43,45,0.314,0.318,17.0,6.5,32.6,6.0,younj004
"Alexander, Blaze",677942,2026,0.312,0.439,0.368,29,31,0.354,0.361,22.0,6.5,48.8,7.2,alexb001
"Dingler, Dillon",693307,2026,0.255,0.49,0.319,82,65,0.349,0.358,22.2,6.2,43.1,10.5,dingd001
"Vilade, Ryan",668723,2026,0.259,0.487,0.322,37,24,0.346,0.324,22.2,8.5,38.6,6.9,vilar001
"Smith, Dominic",642086,2026,0.261,0.387,0.317,44,39,0.308,0.302,16.0,7.4,33.2,5.7,smitd008
"Duran, Ezequiel",677649,2026,0.265,0.434,0.322,64,55,0.329,0.301,24.2,7.5,36.4,6.2,durae002
"Jansen, Danny",643376,2026,0.162,0.292,0.264,12,11,0.255,0.245,29.3,8.7,31.8,5.7,jansd001
"Prieto, César",693409,2026,0.065,0.065,0.065,0,1,0.057,0.249,12.9,0.0,29.6,3.8,priec002
"Caminero, Junior",691406,2026,0.274,0.534,0.362,80,78,0.38,0.364,18.7,11.9,50.3,13.6,camij001
"Thomas, Lane",657041,2026,0.229,0.395,0.324,40,35,0.32,0.316,25.0,11.9,42.3,6.8,thoml002
"Dunn, Blake",694362,2026,0.282,0.387,0.335,7,20,0.32,0.278,21.3,6.5,30.3,2.9,dunnb001
"Freeman, Freddie",518692,2026,0.303,0.468,0.376,61,62,0.367,0.374,16.4,10.3,42.1,8.8,freef001
"Burger, Jake",669394,2026,0.237,0.42,0.298,73,52,0.314,0.301,26.7,7.4,46.5,10.8,burgj001
"Correa, Carlos",621043,2026,0.279,0.418,0.369,16,22,0.347,0.364,18.4,12.8,41.2,10.3,corrc001
"Domínguez, Jasson",691176,2026,0.23,0.38,0.27,14,21,0.285,0.288,21.7,4.2,39.0,5.2,domij003
"Serven, Brian",661531,2026,0.205,0.436,0.225,7,4,0.282,0.291,22.5,2.5,33.3,10.0,servb001
"Campusano, Luis",669134,2026,0.301,0.496,0.408,23,16,0.397,0.351,21.0,14.0,44.0,10.1,campl002
"Contreras, William",661388,2026,0.257,0.381,0.33,63,62,0.313,0.335,13.9,9.4,43.5,8.0,contw002
"Candelario, Jeimer",600869,2026,0.111,0.222,0.2,0,3,0.197,0.218,40.0,5.0,40.0,0.0,candj002
"Arozarena, Randy",668227,2026,0.272,0.449,0.366,53,80,0.36,0.346,21.3,9.3,43.2,7.4,arozr001
"Vázquez, Christian",543877,2026,0.22,0.35,0.276,25,21,0.276,0.243,19.0,7.2,23.4,2.3,vazqc001
"Cook, Billy",695257,2026,0.188,0.25,0.204,2,11,0.2,0.155,38.8,2.0,20.7,0.0,cookb002
"Carter, Evan",694497,2026,0.194,0.319,0.297,31,41,0.281,0.284,24.2,11.5,35.7,5.7,carte001
"Giménez, Andrés",665926,2026,0.24,0.356,0.284,49,34,0.28,0.266,19.2,3.3,23.2,3.2,gimea001
"Ruiz, Keibert",660688,2026,0.276,0.433,0.314,42,37,0.323,0.281,11.5,4.9,37.8,4.6,ruizk001
"Meyers, Jake",676694,2026,0.213,0.326,0.268,11,15,0.265,0.256,20.3,6.5,27.9,6.3,meyej002
"Guzman, Denzer",694203,2026,0.236,0.368,0.28,20,18,0.286,0.271,25.6,5.1,33.1,6.0,guzmd002
"Heim, Jonah",641680,2026,0.21,0.39,0.272,39,26,0.289,0.299,18.4,7.5,32.4,7.0,heimj001
"Lopez, Nicky",670032,2026,0.263,0.303,0.302,21,19,0.272,0.25,16.8,4.1,21.1,0.0,lopen001
"Helman, Michael",680737,2026,0.167,0.3,0.235,2,2,0.239,0.2,17.1,2.9,7.7,0.0,helmm001
"Williamson, Ben",810938,2026,0.247,0.332,0.309,26,31,0.288,0.289,18.9,7.4,33.0,1.5,willb004
"McGuire, Reese",624512,2026,0.172,0.172,0.273,3,1,0.221,0.242,26.5,5.9,9.5,0.0,mcgur002
"Rodríguez, Endy",682848,2026,0.267,0.467,0.373,20,20,0.37,0.338,25.8,14.5,46.8,10.6,rodre006
"Naylor, Josh",647304,2026,0.268,0.371,0.33,46,47,0.312,0.322,12.5,7.6,37.2,4.8,naylj001
"Wallner, Matt",670242,2026,0.167,0.292,0.259,10,14,0.253,0.281,39.3,7.4,40.3,10.4,wallm001
"Mayer, Marcelo",691785,2026,0.22,0.312,0.282,22,19,0.267,0.259,19.3,7.0,36.0,6.1,mayem002
"Perkins, Blake",663368,2026,0.157,0.258,0.25,11,14,0.235,0.264,21.8,9.9,33.8,4.4,perkb002
"Knizner, Andrew",668800,2026,0.0,0.0,0.222,0,0,0.155,0.234,22.2,22.2,20.0,0.0,kniza001
"Castellanos, Nick",592206,2026,0.191,0.339,0.221,20,9,0.238,0.285,27.9,4.1,37.3,8.4,castn001
"Benintendi, Andrew",643217,2026,0.245,0.423,0.308,63,48,0.317,0.314,23.9,8.4,44.1,8.7,benia002
"Tatis Jr., Fernando",665487,2026,0.28,0.434,0.354,61,71,0.343,0.371,18.6,9.7,52.7,12.2,tatif002
"Mesa Jr., Victor",683748,2026,0.214,0.447,0.288,22,20,0.318,0.318,22.3,8.9,40.2,12.3,mesav001
"Taylor, Samad",669392,2026,0.33,0.398,0.41,11,14,0.364,0.326,29.4,11.8,25.0,3.3,tayls003
"Black, Tyler",672012,2026,0.333,0.481,0.357,7,2,0.364,0.191,25.0,3.6,15.0,0.0,blact003
"Albies, Ozzie",645277,2026,0.251,0.42,0.306,65,72,0.314,0.285,14.1,7.0,28.2,4.3,albio001
"Rivas, Leo",660844,2026,0.13,0.167,0.258,7,9,0.213,0.238,29.2,12.3,15.1,1.4,rival002
"Suzuki, Seiya",673548,2026,0.268,0.483,0.36,74,71,0.365,0.336,25.7,12.0,38.7,10.8,suzus001
"Taveras, Leody",665750,2026,0.23,0.363,0.304,44,48,0.297,0.282,24.3,9.2,32.4,4.3,tavel001
"Collins, Isaac",686555,2026,0.227,0.348,0.326,36,40,0.305,0.301,22.3,11.6,40.3,5.9,colli001
"Keith, Colt",690993,2026,0.27,0.42,0.325,32,46,0.327,0.335,18.5,6.9,42.2,7.1,keitc001
"Loftin, Nick",679845,2026,0.231,0.374,0.323,35,33,0.31,0.302,15.6,10.3,28.1,4.3,loftn001
"Hill, Derek",656537,2026,0.236,0.418,0.292,24,27,0.311,0.29,34.8,6.6,35.2,10.6,hilld002
"Benson, Will",666181,2026,0.188,0.333,0.31,6,11,0.29,0.3,33.3,14.0,37.9,12.7,bensw001
"Ramírez, José",608070,2026,0.239,0.382,0.34,38,56,0.316,0.351,12.4,13.2,41.5,5.0,ramij003
"Paredes, Isaac",670623,2026,0.262,0.424,0.355,67,48,0.345,0.325,13.5,9.6,28.6,5.3,parei001
"Simon, Ronny",682927,2026,0.29,0.323,0.333,2,4,0.296,0.308,11.8,5.9,28.6,3.6,simor002
"Grisham, Trent",663757,2026,0.225,0.422,0.315,54,61,0.324,0.34,17.5,11.9,46.0,9.9,grist001
"Johnson, Bryce",669369,2026,0.178,0.222,0.229,2,5,0.207,0.172,36.7,6.1,7.1,0.0,johnb005
"Ballesteros, Moisés",694208,2026,0.208,0.325,0.28,23,17,0.271,0.303,21.2,9.3,47.0,8.6,ballm001
"Vivas, Jorbit",678391,2026,0.237,0.319,0.327,21,27,0.295,0.294,14.0,10.7,22.0,3.0,vivaj001
"Kirk, Alejandro",672386,2026,0.282,0.431,0.357,27,15,0.338,0.307,11.1,11.1,37.3,3.7,kirka001
"Jiménez, Leo",677870,2026,0.207,0.273,0.302,14,15,0.269,0.312,19.8,8.1,43.6,4.3,jimel003
"Mastrobuoni, Miles",670156,2026,0.192,0.192,0.241,1,3,0.202,0.184,33.3,6.7,22.2,0.0,mastm001
"Chaparro, Andrés",665953,2026,0.242,0.525,0.35,32,26,0.378,0.37,23.6,11.4,48.3,14.9,chapa002
"Lee, Brooks",686797,2026,0.244,0.419,0.299,67,54,0.314,0.271,16.4,6.7,32.2,3.5,lee-b002
"Sosa, Lenyn",672820,2026,0.195,0.283,0.207,9,11,0.213,0.249,21.4,0.9,36.7,5.6,sosal001
"Kayfus, CJ",692216,2026,0.182,0.364,0.28,2,4,0.289,0.304,32.0,8.0,50.0,21.4,kayfc001
"Rivero, Sebastián",665861,2026,0.25,0.288,0.291,8,5,0.262,0.272,19.6,5.4,14.3,0.0,rives002
"Encarnacion-Strand, Christian",687952,2026,0.247,0.494,0.292,22,8,0.332,0.353,25.8,5.2,40.9,18.2,encac001
"Romo, Drew",691011,2026,0.138,0.302,0.22,16,14,0.234,0.249,24.2,8.4,26.3,6.8,romod001
"Frazier, Adam",624428,2026,0.243,0.359,0.31,8,16,0.298,0.253,27.0,7.8,18.9,2.7,fraza001
"Chapman, Matt",656305,2026,0.235,0.368,0.324,42,35,0.309,0.286,23.0,10.5,35.8,6.6,chapm001
"Koss, Christian",683766,2026,0.191,0.236,0.234,2,5,0.214,0.243,25.5,4.3,29.2,6.3,kossc001
"Anthony, Roman",701350,2026,0.229,0.321,0.354,5,12,0.31,0.352,25.4,15.4,47.4,9.3,anthr001
"Freeland, Alex",690976,2026,0.231,0.313,0.309,19,24,0.283,0.276,30.5,9.9,37.1,5.3,freea001
"García Jr., Luis",671277,2026,0.279,0.541,0.309,79,51,0.362,0.349,16.6,4.4,46.2,12.1,garcl006
"Muncy, Max",691777,2026,0.216,0.376,0.292,24,26,0.295,0.289,32.9,8.2,44.8,11.2,muncm002
"Harris, Brett",695391,2026,0.0,0.0,0.333,0,0,0.239,0.299,22.2,11.1,25.0,0.0,harrb002
"Raley, Luke",670042,2026,0.225,0.439,0.284,39,28,0.313,0.342,32.4,5.2,47.1,15.7,ralel001
"Arraez, Luis",650333,2026,0.319,0.44,0.353,54,61,0.342,0.306,4.5,5.1,19.7,1.0,arral001
"Workman, Gage",669398,2026,0.171,0.415,0.171,8,3,0.245,0.299,41.5,0.0,45.8,20.8,workg001
"Lowe, Josh",666139,2026,0.213,0.366,0.271,26,22,0.279,0.294,28.0,7.0,38.6,8.4,lowej002
"Baty, Brett",683146,2026,0.212,0.327,0.285,38,44,0.274,0.302,27.9,8.7,41.4,9.0,batyb001
"Hoskins, Rhys",656555,2026,0.179,0.376,0.306,38,33,0.305,0.297,31.5,14.8,41.3,12.6,hoskr001
"Chourio, Jackson",694192,2026,0.28,0.469,0.342,50,63,0.349,0.342,24.3,8.3,47.3,13.4,chouj001
"Teel, Kyle",691019,2026,0.19,0.317,0.271,14,9,0.266,0.302,38.6,8.6,50.0,11.1,teelk001
"Williams, Luke",663897,2026,0.0,0.0,1.0,0,0,0.698,0.698,0.0,100.0,,,willl001
"Carroll, Corbin",682998,2026,0.246,0.484,0.346,57,78,0.357,0.344,21.7,11.9,48.1,11.9,carrc005
"France, Ty",664034,2026,0.291,0.511,0.349,52,43,0.369,0.326,22.5,5.5,49.2,10.0,frant002
"Arenado, Nolan",571448,2026,0.243,0.443,0.322,63,59,0.333,0.297,20.7,9.1,32.5,6.9,arenn001
"Wagner, Will",695238,2026,0.257,0.286,0.422,0,5,0.333,0.329,15.6,22.2,17.9,0.0,wagnw001
"Crews, Dylan",686611,2026,0.209,0.355,0.281,27,40,0.284,0.317,24.2,6.8,44.0,10.2,crewd001
"Brennan, Will",686823,2026,0.087,0.087,0.087,0,0,0.077,0.178,13.0,0.0,25.0,0.0,brenw002
"d'Arnaud, Travis",518595,2026,0.188,0.271,0.291,3,5,0.263,0.292,25.5,9.1,29.4,14.7,darnt001
"Siri, Jose",642350,2026,0.255,0.461,0.312,23,25,0.335,0.327,30.8,6.4,43.2,14.7,sirij001
"Murphy, Sean",669221,2026,0.132,0.158,0.132,0,1,0.127,0.154,39.5,0.0,30.4,0.0,murps001
"Jackson, Jeremiah",669236,2026,0.226,0.359,0.255,39,25,0.266,0.286,20.6,3.2,38.5,7.5,jackj002
"Pederson, Joc",592626,2026,0.239,0.483,0.331,46,49,0.351,0.346,23.6,11.5,50.4,11.1,pedej001
"Bohm, Alec",664761,2026,0.242,0.382,0.3,71,46,0.3,0.317,13.8,6.4,42.2,5.6,bohma001
"Doyle, Brenton",686668,2026,0.213,0.293,0.272,6,25,0.255,0.236,30.9,7.4,33.0,5.2,doylb001
"Torkelson, Spencer",679529,2026,0.224,0.411,0.313,63,53,0.319,0.314,31.0,10.7,41.0,12.8,torks001
"Devers, Rafael",646240,2026,0.244,0.47,0.32,69,66,0.339,0.322,26.2,10.0,50.9,10.6,dever001
"Duran, Jarren",680776,2026,0.206,0.359,0.263,62,58,0.271,0.294,28.4,6.7,39.6,9.3,duraj001
"Meadows, Parker",678009,2026,0.25,0.333,0.308,2,3,0.287,0.25,25.6,5.1,19.2,3.8,meadp001
"Myers, Dane",667472,2026,0.256,0.367,0.35,21,24,0.324,0.318,25.0,11.7,36.2,5.6,myerd001
"Toglia, Michael",669911,2026,0.115,0.192,0.179,1,2,0.172,0.222,42.9,7.1,57.1,0.0,toglm001
"Williams, Carson",700246,2026,0.108,0.216,0.154,6,7,0.166,0.217,32.5,5.0,24.0,4.0,willc002
"McCann, James",543510,2026,0.296,0.443,0.331,21,11,0.339,0.277,23.6,4.1,40.9,8.0,mccaj001
"Gray, Tristan",656484,2026,0.225,0.324,0.267,29,16,0.261,0.263,31.9,5.3,37.6,6.0,grayt001
"Lukes, Nathan",664770,2026,0.259,0.364,0.311,23,32,0.3,0.284,15.1,5.6,26.7,1.5,luken001
"Wilson, Weston",642215,2026,0.196,0.343,0.299,11,13,0.291,0.264,29.9,12.0,32.8,6.1,wilsw002
"Yorke, Nick",694377,2026,0.221,0.302,0.292,12,7,0.27,0.307,20.8,7.3,49.3,6.0,yorkn001
"Moncada, Yoán",660162,2026,0.189,0.297,0.308,10,9,0.281,0.269,34.6,13.1,40.9,7.7,moncy001
"Clarke, Denzel",672016,2026,0.17,0.189,0.228,6,4,0.196,0.193,40.0,6.7,46.9,3.2,clard004
"McCray, Grant",687529,2026,0.081,0.162,0.227,2,6,0.198,0.296,27.7,14.9,25.9,11.1,mccrg001
"Narváez, Carlos",665966,2026,0.167,0.239,0.244,10,17,0.224,0.269,32.6,6.7,38.8,7.2,narvc002
"Bride, Jonah",681146,2026,0.2,0.2,0.333,0,0,0.265,0.229,33.3,16.7,66.7,0.0,bridj001
"Marchán, Rafael",665561,2026,0.102,0.17,0.141,6,5,0.143,0.208,15.2,2.2,18.9,2.7,marcr001
"Conforto, Michael",624424,2026,0.222,0.438,0.316,30,25,0.325,0.312,29.8,12.0,42.3,11.5,confm001
"Mauricio, Ronny",677595,2026,0.18,0.26,0.18,2,4,0.191,0.205,36.0,0.0,34.4,9.4,maurr002
"De La Cruz, Bryan",650559,2026,0.333,0.567,0.389,8,4,0.401,0.33,22.2,5.6,37.5,8.3,delab001
"Wilson, Jacob",805779,2026,0.266,0.388,0.298,37,37,0.3,0.282,11.6,3.6,27.6,2.5,wilsj006
"Friedl, TJ",670770,2026,0.157,0.235,0.24,11,19,0.221,0.23,23.5,8.1,27.3,2.5,friet001
"Smith, Pavin",656976,2026,0.141,0.192,0.236,6,5,0.206,0.255,20.2,11.2,31.1,3.3,smitp002
"Marte, Noelvi",682622,2026,0.189,0.321,0.229,15,19,0.242,0.237,25.9,5.0,30.2,5.1,martn004
"Buxton, Byron",621439,2026,0.256,0.524,0.32,46,60,0.36,0.345,24.3,7.2,47.1,16.7,buxtb001
"Kreidler, Ryan",668952,2026,0.228,0.371,0.281,25,26,0.287,0.287,21.7,6.5,36.1,7.7,kreir001
"Jackson, Alex",656577,2026,0.303,0.409,0.333,5,11,0.327,0.22,33.3,1.4,34.9,2.3,jacka002
"Whitcomb, Shay",694376,2026,0.13,0.391,0.167,5,2,0.237,0.258,45.8,4.2,41.7,16.7,whits003
"Gasper, Mickey",681508,2026,0.256,0.393,0.323,14,14,0.316,0.313,16.8,8.4,36.1,7.2,gaspm001
"Bruján, Vidal",660644,2026,0.091,0.091,0.167,1,4,0.132,0.213,7.7,7.7,9.1,0.0,brujv001
"Osuna, Alejandro",696030,2026,0.255,0.297,0.347,24,25,0.3,0.299,14.5,8.6,29.2,0.6,osuna003
"Sogard, Nick",686765,2026,0.268,0.375,0.376,7,16,0.339,0.323,16.9,14.7,25.8,3.2,sogan001
"Stephenson, Tyler",663886,2026,0.239,0.404,0.323,39,33,0.321,0.341,26.7,10.7,45.7,12.5,stept001
"Fortes, Nick",663743,2026,0.266,0.367,0.31,29,28,0.301,0.286,12.3,3.2,34.7,2.2,fortn001
"Contreras, Willson",575929,2026,0.284,0.534,0.393,75,64,0.4,0.38,25.5,11.1,44.5,14.2,contw001
"Kemp, Otto",805249,2026,0.08,0.08,0.148,0,0,0.119,0.205,37.0,3.7,13.3,0.0,kempo001
"Mullins, Cedric",656775,2026,0.207,0.354,0.286,39,48,0.285,0.259,20.0,8.3,31.4,3.8,mullc002
"Marte, Ketel",606466,2026,0.249,0.446,0.314,67,65,0.328,0.351,15.0,7.9,42.8,10.2,martk001
"Kingery, Scott",664068,2026,0.25,0.25,0.25,0,2,0.222,0.156,0.0,0.0,0.0,0.0,kings001
"Olson, Matt",621566,2026,0.261,0.541,0.338,77,89,0.373,0.362,25.3,10.1,49.6,15.7,olsom001
"Lee, Jung Hoo",808982,2026,0.293,0.433,0.328,46,58,0.332,0.312,10.2,4.0,29.1,2.5,lee-j001
"Peña, Jeremy",665161,2026,0.283,0.469,0.338,40,59,0.351,0.332,20.3,6.2,39.8,5.3,penaj004
"Acuña Jr., Ronald",660670,2026,0.237,0.422,0.338,35,43,0.334,0.365,23.4,12.0,45.5,12.8,acunr001
"Sanoja, Javier",691594,2026,0.278,0.425,0.317,48,32,0.323,0.278,8.3,5.5,31.0,2.3,sanoj001
"Goodman, Hunter",696100,2026,0.251,0.541,0.32,69,69,0.365,0.329,33.0,8.5,46.0,16.7,goodh001
"Church, Nathan",701675,2026,0.235,0.355,0.28,41,40,0.279,0.285,19.2,5.4,30.2,6.4,churn001
"Peters, Tristan",671976,2026,0.27,0.424,0.333,43,46,0.332,0.305,18.1,7.4,30.7,4.7,petet002
"Goldschmidt, Paul",502671,2026,0.247,0.45,0.312,44,37,0.33,0.306,23.9,7.9,36.5,10.4,goldp001
"Barger, Addison",680718,2026,0.045,0.091,0.214,2,2,0.17,0.255,25.0,17.9,50.0,0.0,barga001
"Fairchild, Stuart",656413,2026,0.158,0.158,0.407,1,4,0.307,0.28,51.9,25.9,40.0,0.0,fairs001
"Roden, Alan",702176,2026,0.23,0.279,0.31,10,6,0.27,0.337,13.9,11.1,40.7,5.6,rodea001
"Wilson, Will",669717,2026,0.2,0.8,0.333,2,1,0.458,0.451,16.7,16.7,25.0,25.0,wilsw003
"Springer, George",543807,2026,0.235,0.388,0.315,38,45,0.312,0.302,18.6,9.8,37.6,6.6,sprig001
"Madrigal, Nick",663611,2026,0.273,0.295,0.385,2,7,0.32,0.298,5.8,13.5,24.4,0.0,madrn001
"Wynns, Austin",642851,2026,0.146,0.183,0.195,1,4,0.176,0.24,27.0,5.6,26.7,3.3,wynna001
"Larnach, Trevor",663616,2026,0.268,0.422,0.354,42,50,0.343,0.332,18.0,10.9,37.0,7.5,larnt001
"Pham, Tommy",502054,2026,0.0,0.0,0.071,0,1,0.05,0.137,50.0,7.1,33.3,0.0,phamt001
"Steer, Spencer",668715,2026,0.238,0.421,0.319,40,54,0.325,0.342,22.4,9.1,39.1,12.4,stees001
"Kurtz, Nick",701762,2026,0.256,0.483,0.396,69,62,0.381,0.373,32.5,18.2,57.3,18.0,kurtn001
"Schuemann, Max",680474,2026,0.194,0.361,0.333,8,17,0.317,0.312,24.1,13.8,41.2,9.8,schum002
"Canzone, Dominic",686527,2026,0.262,0.494,0.337,54,45,0.357,0.358,21.0,9.3,45.3,12.5,canzd001
"Arcia, Orlando",606115,2026,0.271,0.354,0.3,2,6,0.29,0.245,16.0,4.0,25.0,2.5,arcio002
"Ortiz, Joey",687401,2026,0.252,0.381,0.317,37,36,0.308,0.298,19.0,9.2,36.6,4.4,ortij005
"Short, Zack",670097,2026,0.14,0.18,0.262,2,4,0.218,0.256,30.6,12.9,20.6,5.9,shorz001
"Ohtani, Shohei",660271,2026,0.291,0.554,0.388,80,82,0.395,0.409,23.1,13.1,52.5,16.7,ohtas001
"Tellez, Rowdy",642133,2026,0.2,0.5,0.273,4,2,0.331,0.506,27.3,9.1,42.9,28.6,tellr001
"Amaya, Miguel",665804,2026,0.237,0.373,0.345,22,30,0.325,0.293,26.0,10.1,36.3,7.3,amaym001
"Durbin, Caleb",702332,2026,0.254,0.402,0.325,62,62,0.321,0.29,13.5,7.4,26.1,2.8,durbc002
"Halpin, Petey",690984,2026,0.215,0.308,0.243,8,16,0.242,0.273,20.9,2.2,25.7,6.7,halpp001
"Turang, Brice",668930,2026,0.262,0.439,0.356,75,76,0.349,0.343,24.8,12.8,42.7,7.8,turab002
"Moreno, Gabriel",672515,2026,0.307,0.47,0.385,62,55,0.373,0.369,15.5,11.1,42.5,7.4,moreg001
"Díaz, Elias",553869,2026,0.228,0.38,0.25,20,14,0.27,0.259,23.5,2.4,37.7,6.6,diaze005
"Gonzalez, Romy",663853,2026,0.185,0.308,0.264,7,7,0.258,0.289,28.8,6.8,37.8,4.4,gonzr003
"Pauley, Graham",688363,2026,0.194,0.306,0.228,14,9,0.234,0.219,23.5,4.3,24.1,4.8,paulg001
"Rojas, Josh",668942,2026,0.224,0.303,0.253,9,6,0.247,0.207,16.3,3.8,29.7,1.6,rojaj001
"Jensen, Carter",695600,2026,0.221,0.401,0.303,56,56,0.309,0.287,29.0,10.4,43.3,10.2,jensc001
"Pages, Andy",681624,2026,0.272,0.459,0.338,80,72,0.346,0.34,19.3,8.2,42.2,7.7,pagea001
"Walker, Jordan",691023,2026,0.288,0.506,0.348,90,77,0.368,0.357,24.1,7.9,48.1,13.6,walkj003
"Moniak, Mickey",666160,2026,0.266,0.539,0.307,59,42,0.357,0.292,25.6,5.4,41.6,10.6,monim001
"Haase, Eric",606992,2026,0.162,0.365,0.235,9,8,0.263,0.271,33.3,7.1,28.6,16.3,haase001
"Jeffers, Ryan",680777,2026,0.283,0.493,0.39,42,40,0.383,0.36,16.5,14.2,41.0,11.2,jeffr002
"Kelly, Carson",608348,2026,0.26,0.372,0.342,43,43,0.321,0.314,17.1,10.2,36.0,5.4,kellc002
"Stefanic, Michael",683021,2026,0.4,0.4,0.4,0,1,0.356,0.232,20.0,0.0,0.0,0.0,stefm001
"Acuña, Luisangel",682668,2026,0.237,0.269,0.269,12,21,0.242,0.265,19.6,4.0,37.7,3.3,acunl001
"Lockridge, Brandon",663604,2026,0.273,0.313,0.345,12,12,0.302,0.258,28.8,9.9,32.4,1.5,lockb001
"Velázquez, Nelson",676369,2026,0.205,0.41,0.273,13,10,0.295,0.355,29.5,8.0,63.0,13.0,velan001
"Cruz, Oneil",665833,2026,0.266,0.48,0.352,47,46,0.361,0.361,34.8,10.7,58.7,17.0,cruzo001
"Foscue, Justin",679822,2026,0.266,0.487,0.329,23,17,0.353,0.322,25.3,7.6,41.1,9.8,foscj001
"Caissie, Owen",683357,2026,0.222,0.424,0.286,52,38,0.306,0.3,38.3,7.6,46.4,15.0,caiso001
"Bogaerts, Xander",593428,2026,0.22,0.329,0.32,46,49,0.295,0.324,17.7,12.3,40.8,6.3,bogax001
"Bregman, Alex",608324,2026,0.255,0.404,0.345,63,69,0.332,0.315,15.6,11.0,38.2,4.6,brega001
"Monasterio, Andruw",655316,2026,0.261,0.424,0.319,37,31,0.324,0.303,19.6,7.7,32.5,7.8,monaa001
"Lowe, Nathaniel",663993,2026,0.263,0.478,0.33,45,29,0.348,0.339,24.6,9.3,42.5,9.2,lowen001
"Grissom, Vaughn",687093,2026,0.249,0.377,0.308,47,32,0.303,0.309,18.5,6.7,38.3,6.3,grisv001
"Vásquez, Randy",681190,2026,0.0,0.0,0.0,0,0,0.0,0.044,0.0,0.0,0.0,0.0,vasqr001
"Volpe, Anthony",683011,2026,0.24,0.322,0.325,19,20,0.294,0.29,23.2,11.3,35.4,4.0,volpa001
"Meckler, Wade",685133,2026,0.288,0.38,0.36,20,26,0.332,0.305,21.4,9.2,31.8,3.2,meckw001
"Clement, Ernie",676391,2026,0.285,0.405,0.311,43,54,0.312,0.27,9.6,3.6,20.5,2.3,cleme002
"McMahon, Ryan",641857,2026,0.216,0.367,0.282,32,29,0.287,0.304,30.4,7.8,48.4,9.7,mcmar001
"Rortvedt, Ben",666163,2026,0.188,0.188,0.188,1,0,0.167,0.214,31.3,0.0,9.1,0.0,rortb001
"Johnston, Troy",687859,2026,0.28,0.389,0.348,44,36,0.327,0.325,17.1,8.5,36.9,2.2,johnt003
"Busch, Michael",683737,2026,0.242,0.386,0.349,64,53,0.33,0.331,22.2,12.4,39.1,8.9,buscm003
"Caglianone, Jac",695506,2026,0.279,0.495,0.332,60,58,0.356,0.363,25.6,6.3,55.0,14.2,caglj001
"Ruiz, Esteury",665923,2026,0.25,0.453,0.367,11,33,0.362,0.307,30.2,10.6,29.2,8.3,ruize001
"Stanton, Giancarlo",519317,2026,0.256,0.422,0.302,14,8,0.316,0.326,30.2,6.3,44.3,18.0,stanm004
"Baldwin, Drake",686948,2026,0.272,0.449,0.354,63,68,0.352,0.375,20.4,9.9,52.2,13.2,baldd001
"Kelenic, Jarred",672284,2026,0.222,0.292,0.309,6,5,0.277,0.331,37.0,11.1,50.0,19.0,kelej001
"Caratini, Victor",605170,2026,0.225,0.33,0.316,38,27,0.291,0.321,20.0,9.6,39.4,6.6,carav001
"Frelick, Sal",686217,2026,0.236,0.33,0.301,34,33,0.282,0.281,9.9,8.0,27.8,2.0,frels001
"Stott, Bryson",681082,2026,0.264,0.414,0.341,59,56,0.333,0.333,16.4,10.2,38.7,6.0,stotb001
"Gelof, Zack",680869,2026,0.269,0.481,0.33,36,50,0.352,0.304,24.5,6.9,41.0,8.2,geloz001
"Yoshida, Masataka",807799,2026,0.274,0.399,0.347,28,34,0.329,0.318,11.1,9.4,39.9,3.4,yoshm002
"Altuve, Jose",514888,2026,0.245,0.395,0.309,37,56,0.309,0.276,20.4,8.1,31.3,4.9,altuj001
"Smith, Cam",701358,2026,0.221,0.397,0.288,47,54,0.299,0.327,24.6,7.7,45.0,11.7,smitc010
"Swanson, Dansby",621020,2026,0.216,0.404,0.3,66,78,0.309,0.307,23.1,10.5,41.1,7.6,swand001
"Martínez, Angel",682657,2026,0.242,0.426,0.272,44,34,0.302,0.301,22.3,2.5,36.1,7.7,marta008
"White, Eli",642201,2026,0.235,0.386,0.285,19,22,0.294,0.26,22.4,6.1,29.9,5.2,white006
"Kim, Hyeseong",808975,2026,0.259,0.328,0.323,11,16,0.293,0.304,23.7,9.2,25.3,3.4,kim-h003
"Vientos, Mark",668901,2026,0.211,0.388,0.256,35,25,0.28,0.31,24.0,4.7,43.8,10.1,vienm001
"Julks, Corey",667452,2026,0.25,0.5,0.25,0,1,0.315,0.111,25.0,0.0,33.3,0.0,julkc001
"Higashioka, Kyle",543309,2026,0.218,0.37,0.306,18,20,0.303,0.295,25.3,10.2,38.1,8.5,higak001
"O'Neill, Tyler",641933,2026,0.22,0.39,0.31,23,31,0.311,0.312,27.8,10.7,43.1,9.2,oneit001
"Polanco, Jorge",593871,2026,0.148,0.23,0.201,6,7,0.196,0.234,24.8,6.2,31.0,4.0,polaj001
"Alcántara, Kevin",682634,2026,0.217,0.348,0.28,5,5,0.28,0.305,40.0,8.0,30.8,7.7,alcak001
"Bailey, Patrick",672275,2026,0.189,0.295,0.247,25,21,0.243,0.293,25.3,7.4,40.9,6.7,bailp001
"Báez, Javier",595879,2026,0.255,0.35,0.285,14,19,0.28,0.269,18.1,2.8,33.0,1.8,baezj001
"Naylor, Bo",666310,2026,0.143,0.238,0.2,7,4,0.199,0.29,23.3,6.7,42.6,11.1,naylb001
"Kim, Ha-Seong",673490,2026,0.066,0.066,0.165,4,5,0.126,0.207,27.1,10.6,22.6,3.9,kim-h002
"Cabrera, Oswaldo",665828,2026,0.0,0.0,0.0,0,0,0.0,0.148,36.4,0.0,42.9,0.0,cabro002
"Bell, Josh",605137,2026,0.258,0.433,0.321,77,64,0.33,0.33,20.6,8.2,42.0,9.9,bellj005
"Pérez, Wenceel",672761,2026,0.18,0.348,0.246,17,22,0.262,0.272,16.6,8.0,33.3,7.6,perew002
"Locklear, Tyler",682988,2026,0.278,0.444,0.357,6,8,0.35,0.334,21.4,9.5,32.1,14.3,lockt001
"Robles, Victor",645302,2026,0.26,0.315,0.317,9,13,0.285,0.281,15.7,5.7,20.6,1.9,roblv001
"Wagaman, Eric",676572,2026,0.19,0.333,0.277,4,4,0.276,0.304,23.4,8.5,22.6,6.5,wagae001
"Díaz, Yandy",650490,2026,0.308,0.474,0.376,72,73,0.37,0.36,14.4,8.5,48.0,7.1,diazy001
"Garcia, Aramis",605244,2026,0.158,0.316,0.158,2,2,0.201,0.259,31.6,0.0,30.8,7.7,garca006
"Crooks, Jimmy",699625,2026,0.174,0.314,0.252,12,9,0.255,0.287,31.9,6.7,48.1,10.3,crooj001
"Karros, Kyle",691720,2026,0.265,0.424,0.361,44,58,0.346,0.339,20.5,11.9,41.6,8.0,karrk001
"Pozo, Yohel",650968,2026,0.25,0.333,0.26,7,3,0.258,0.246,12.0,2.0,25.6,2.3,pozoy001
"Gorman, Nolan",669357,2026,0.194,0.318,0.279,26,19,0.266,0.278,32.3,10.9,43.8,9.2,gormn001
"Fry, David",681807,2026,0.182,0.336,0.304,13,16,0.289,0.258,30.4,14.9,32.6,6.5,fry-d001
"De La Cruz, Elly",682829,2026,0.259,0.467,0.343,57,70,0.352,0.358,27.3,11.1,51.3,13.7,delae003
"O'Hearn, Ryan",656811,2026,0.27,0.454,0.334,69,54,0.343,0.321,21.6,7.8,43.5,7.2,ohear001
"Schneider, Davis",676914,2026,0.142,0.274,0.295,12,18,0.269,0.275,33.6,17.9,42.6,10.4,schnd001
"Ibáñez, Andy",628451,2026,0.087,0.087,0.115,5,1,0.095,0.164,11.5,3.8,18.2,0.0,ibana001
"Andujar, Miguel",609280,2026,0.259,0.423,0.303,22,24,0.313,0.298,15.0,4.3,36.3,4.5,andum001
"India, Jonathan",663697,2026,0.167,0.313,0.31,8,8,0.29,0.284,22.4,13.8,31.4,5.7,indij001
"Walton, Donovan",622268,2026,0.281,0.438,0.367,16,27,0.356,0.313,16.7,10.1,32.5,4.2,waltd002
"Dunn, Oliver",686554,2026,0.091,0.091,0.167,1,4,0.132,0.207,25.0,8.3,25.0,0.0,dunno001
"Clemens, Kody",665019,2026,0.236,0.465,0.293,61,58,0.326,0.327,22.5,6.2,45.9,11.9,clemk001
"Triolo, Jared",669707,2026,0.238,0.308,0.313,24,28,0.283,0.29,20.3,8.2,37.6,2.5,trioj001
"Bauers, Jake",641343,2026,0.276,0.505,0.386,72,74,0.385,0.372,25.4,14.8,53.5,14.0,bauej001
"Young, Cole",702284,2026,0.254,0.395,0.314,56,59,0.313,0.321,16.9,6.4,38.4,4.7,younc005
"Bliss, Ryan",669208,2026,0.125,0.125,0.2,1,0,0.159,0.27,30.0,10.0,66.7,0.0,blisr001
"Call, Alex",669743,2026,0.254,0.331,0.357,17,21,0.316,0.276,16.9,11.7,17.9,1.9,calla002
"Tolbert, Tyler",686475,2026,0.303,0.444,0.369,8,25,0.358,0.311,16.5,9.6,27.1,3.5,tolbt001
"Cowser, Colton",681297,2026,0.209,0.35,0.307,33,34,0.296,0.318,30.6,12.2,39.3,11.0,cowsc001
"Rengifo, Luis",650859,2026,0.243,0.323,0.325,32,36,0.294,0.308,13.4,10.0,33.7,4.4,rengl001
"Farmer, Kyle",571657,2026,0.267,0.333,0.25,3,2,0.246,0.238,25.0,0.0,25.0,0.0,farmk001
"Alvarez, Francisco",682626,2026,0.24,0.413,0.329,30,29,0.328,0.332,28.5,10.6,43.6,15.9,alvaf001
"Riley, Austin",663586,2026,0.223,0.37,0.295,58,54,0.295,0.302,31.7,7.5,46.2,12.4,rilea001
"Fermin, Freddy",666023,2026,0.194,0.309,0.268,16,18,0.26,0.268,20.3,7.8,27.5,3.9,fermf002
"Quero, Edgar",700337,2026,0.208,0.262,0.279,19,14,0.249,0.278,20.0,7.6,38.5,2.7,quere001
"Torres, Gleyber",650402,2026,0.271,0.401,0.381,34,43,0.351,0.336,18.6,14.4,33.5,6.8,torrg001
"Suárez, Eugenio",553993,2026,0.208,0.413,0.289,50,32,0.306,0.278,35.9,9.4,36.4,11.4,suare001
"Abrams, CJ",682928,2026,0.279,0.53,0.354,91,77,0.378,0.342,23.2,8.6,41.5,10.3,abrac001
"Semien, Marcus",543760,2026,0.209,0.351,0.27,41,41,0.274,0.303,21.9,7.6,34.2,6.8,semim001
